This is LuaHBTeX, Version 1.22.0 (TeX Live 2025)  (format=lualatex 2025.11.14)  18 NOV 2025 03:06
 restricted system commands enabled.
**Report-document-for-ATE20251116.tex
(./Report-document-for-ATE20251116.tex
LaTeX2e <2025-11-01>
L3 programming layer <2025-11-06>
Lua module: luaotfload 2024-12-03 v3.29 Lua based OpenType font support
Lua module: lualibs 2023-07-13 v2.76 ConTeXt Lua standard libraries.
Lua module: lualibs-extended 2023-07-13 v2.76 ConTeXt Lua libraries -- extended collection.
luaotfload | conf : Root cache directory is "/cloud/home/r311224/.TinyTeX/texmf-var/luatex-cache/generic/names".
luaotfload | init : Loading fontloader "fontloader-2023-12-28.lua" from kpse-resolved path "/cloud/home/r311224/.TinyTeX/texmf-dist/tex/luatex/luaotfload/fontloader-2023-12-28.lua".
Lua-only attribute luaotfload@noligature = 1
luaotfload | init : Context OpenType loader version 3.134
Inserting `luaotfload.node_processor' in `pre_linebreak_filter'.
Inserting `luaotfload.node_processor' in `hpack_filter'.
Inserting `luaotfload.glyph_stream' in `glyph_stream_provider'.
Inserting `luaotfload.define_font' in `define_font'.
Lua-only attribute luaotfload_color_attribute = 2
luaotfload | conf : Root cache directory is "/cloud/home/r311224/.TinyTeX/texmf-var/luatex-cache/generic/names".
Inserting `luaotfload.harf.strip_prefix' in `find_opentype_file'.
Inserting `luaotfload.harf.strip_prefix' in `find_truetype_file'.
Removing  `luaotfload.glyph_stream' from `glyph_stream_provider'.
Inserting `luaotfload.harf.glyphstream' in `glyph_stream_provider'.
Inserting `luaotfload.harf.finalize_vlist' in `post_linebreak_filter'.
Inserting `luaotfload.harf.finalize_hlist' in `hpack_filter'.
Inserting `luaotfload.cleanup_files' in `wrapup_run'.
Inserting `luaotfload.harf.finalize_unicode' in `finish_pdffile'.
Inserting `luaotfload.glyphinfo' in `glyph_info'.
Lua-only attribute luaotfload.letterspace_done = 3
Inserting `luaotfload.aux.set_sscale_dimens' in `luaotfload.patch_font'.
Inserting `luaotfload.aux.set_font_index' in `luaotfload.patch_font'.
Inserting `luaotfload.aux.patch_cambria_domh' in `luaotfload.patch_font'.
Inserting `luaotfload.aux.fixup_fontdata' in `luaotfload.patch_font_unsafe'.
Inserting `luaotfload.aux.set_capheight' in `luaotfload.patch_font'.
Inserting `luaotfload.aux.set_xheight' in `luaotfload.patch_font'.
Inserting `luaotfload.rewrite_fontname' in `luaotfload.patch_font'.
Inserting `tracingstacklevels' in `input_level_string'. (/cloud/home/r311224/.TinyTeX/texmf-dist/tex/latex/koma-script/scrartcl.cls
Document Class: scrartcl 2025/09/09 v3.48 KOMA-Script document class (article)
(/cloud/home/r311224/.TinyTeX/texmf-dist/tex/latex/koma-script/scrkbase.sty
Package: scrkbase 2025/09/09 v3.48 KOMA-Script package (KOMA-Script-dependent basics and keyval usage)
(/cloud/home/r311224/.TinyTeX/texmf-dist/tex/latex/koma-script/scrbase.sty
Package: scrbase 2025/09/09 v3.48 KOMA-Script package (KOMA-Script-independent basics and keyval usage)
(/cloud/home/r311224/.TinyTeX/texmf-dist/tex/latex/koma-script/scrlfile.sty
Package: scrlfile 2025/09/09 v3.48 KOMA-Script package (file load hooks)
(/cloud/home/r311224/.TinyTeX/texmf-dist/tex/latex/koma-script/scrlfile-hook.sty
Package: scrlfile-hook 2025/09/09 v3.48 KOMA-Script package (using LaTeX hooks)
(/cloud/home/r311224/.TinyTeX/texmf-dist/tex/latex/koma-script/scrlogo.sty
Package: scrlogo 2025/09/09 v3.48 KOMA-Script package (logo)
))) (/cloud/home/r311224/.TinyTeX/texmf-dist/tex/latex/graphics/keyval.sty
Package: keyval 2022/05/29 v1.15 key=value parser (DPC)
\KV@toks@=\toks17
)
Applying: [2021/05/01] Usage of raw or classic option list on input line 254.
Already applied: [0000/00/00] Usage of raw or classic option list on input line 370.
)) (/cloud/home/r311224/.TinyTeX/texmf-dist/tex/latex/koma-script/tocbasic.sty
Package: tocbasic 2025/09/09 v3.48 KOMA-Script package (handling toc-files)
\scr@dte@tocline@numberwidth=\skip49
\scr@dte@tocline@numbox=\box53
)
Package tocbasic Info: omitting babel extension for `toc'
(tocbasic)             because of feature `nobabel' available
(tocbasic)             for `toc' on input line 141.
Package scrartcl Info: You've used standard option `11pt'.
(scrartcl)             This is correct!
(scrartcl)             Internally I'm using `fontsize=11pt'.
(scrartcl)             If you'd like to set the option with \KOMAoptions,
(scrartcl)             you'd have to use `fontsize=11pt' there
(scrartcl)             instead of `11pt', too.
Class scrartcl Info: File `scrsize11pt.clo' used to setup font sizes on input line 2486.
(/cloud/home/r311224/.TinyTeX/texmf-dist/tex/latex/koma-script/scrsize11pt.clo
File: scrsize11pt.clo 2025/09/09 v3.48 KOMA-Script font size class option (11pt)
luaotfload | db : Font names database loaded from /cloud/home/r311224/.TinyTeX/texmf-var/luatex-cache/generic/names/luaotfload-names.luc.gz) (/cloud/home/r311224/.TinyTeX/texmf-dist/tex/latex/koma-script/typearea.sty
Package: typearea 2025/09/09 v3.48 KOMA-Script package (type area)
\ta@bcor=\skip50
\ta@div=\count273
Package typearea Info: You've used standard option `letterpaper'.
(typearea)             This is correct!
(typearea)             Internally I'm using `paper=letter'.
(typearea)             If you'd like to set the option with \KOMAoptions,
(typearea)             you'd have to use `paper=letter' there
(typearea)             instead of `letterpaper', too.
\ta@hblk=\skip51
\ta@vblk=\skip52
\ta@temp=\skip53
\footheight=\skip54
Package typearea Info: These are the values describing the layout:
(typearea)             DIV  = 11
(typearea)             BCOR = 0.0pt
(typearea)             \paperwidth      = 614.295pt
(typearea)              \textwidth      = 446.76004pt
(typearea)              DIV departure   = -14%
(typearea)              \evensidemargin = 11.49748pt
(typearea)              \oddsidemargin  = 11.49748pt
(typearea)             \paperheight     = 794.96999pt
(typearea)              \textheight     = 582.20026pt
(typearea)              \topmargin      = -37.40001pt
(typearea)              \headheight     = 17.0pt
(typearea)              \headsep        = 20.40001pt
(typearea)              \topskip        = 11.0pt
(typearea)              \footskip       = 47.6pt
(typearea)              \baselineskip   = 13.6pt
(typearea)              on input line 1807.
)
\c@part=\count274
\c@section=\count275
\c@subsection=\count276
\c@subsubsection=\count277
\c@paragraph=\count278
\c@subparagraph=\count279
\scr@dte@section@maxnumwidth=\skip55
Class scrartcl Info: using compatibility default `runin=bysign'
(scrartcl)           for `\section on input line 5161.
Class scrartcl Info: using compatibility default `afterindent=bysign'
(scrartcl)           for `\section on input line 5161.
\scr@dte@part@maxnumwidth=\skip56
Class scrartcl Info: using compatibility default `afterindent=false'
(scrartcl)           for `\part on input line 5169.
\scr@dte@subsection@maxnumwidth=\skip57
Class scrartcl Info: using compatibility default `runin=bysign'
(scrartcl)           for `\subsection on input line 5179.
Class scrartcl Info: using compatibility default `afterindent=bysign'
(scrartcl)           for `\subsection on input line 5179.
\scr@dte@subsubsection@maxnumwidth=\skip58
Class scrartcl Info: using compatibility default `runin=bysign'
(scrartcl)           for `\subsubsection on input line 5189.
Class scrartcl Info: using compatibility default `afterindent=bysign'
(scrartcl)           for `\subsubsection on input line 5189.
\scr@dte@paragraph@maxnumwidth=\skip59
Class scrartcl Info: using compatibility default `runin=bysign'
(scrartcl)           for `\paragraph on input line 5200.
Class scrartcl Info: using compatibility default `afterindent=bysign'
(scrartcl)           for `\paragraph on input line 5200.
\scr@dte@subparagraph@maxnumwidth=\skip60
Class scrartcl Info: using compatibility default `runin=bysign'
(scrartcl)           for `\subparagraph on input line 5210.
Class scrartcl Info: using compatibility default `afterindent=bysign'
(scrartcl)           for `\subparagraph on input line 5210.
\abovecaptionskip=\skip61
\belowcaptionskip=\skip62
\c@pti@nb@sid@b@x=\box54
Package tocbasic Info: omitting babel extension for `lof'
(tocbasic)             because of feature `nobabel' available
(tocbasic)             for `lof' on input line 6410.
\scr@dte@figure@maxnumwidth=\skip63
\c@figure=\count280
Package tocbasic Info: omitting babel extension for `lot'
(tocbasic)             because of feature `nobabel' available
(tocbasic)             for `lot' on input line 6422.
\scr@dte@table@maxnumwidth=\skip64
\c@table=\count281
Class scrartcl Info: Redefining `\numberline' on input line 6592.
\bibindent=\dimen147
) (/cloud/home/r311224/.TinyTeX/texmf-dist/tex/latex/xcolor/xcolor.sty
Package: xcolor 2024/09/29 v3.02 LaTeX color extensions (UK)
(/cloud/home/r311224/.TinyTeX/texmf-dist/tex/latex/graphics-cfg/color.cfg
File: color.cfg 2016/01/02 v1.6 sample color configuration
)
Package xcolor Info: Driver file: luatex.def on input line 274.
(/cloud/home/r311224/.TinyTeX/texmf-dist/tex/latex/graphics-def/luatex.def
File: luatex.def 2025/09/29 v1.2f Graphics/color driver for luatex
) (/cloud/home/r311224/.TinyTeX/texmf-dist/tex/latex/graphics/mathcolor.ltx)
Package xcolor Info: Model `cmy' substituted by `cmy0' on input line 1349.
Package xcolor Info: Model `hsb' substituted by `rgb' on input line 1353.
Package xcolor Info: Model `RGB' extended on input line 1365.
Package xcolor Info: Model `HTML' substituted by `rgb' on input line 1367.
Package xcolor Info: Model `Hsb' substituted by `hsb' on input line 1368.
Package xcolor Info: Model `tHsb' substituted by `hsb' on input line 1369.
Package xcolor Info: Model `HSB' substituted by `hsb' on input line 1370.
Package xcolor Info: Model `Gray' substituted by `gray' on input line 1371.
Package xcolor Info: Model `wave' substituted by `hsb' on input line 1372.
) (/cloud/home/r311224/.TinyTeX/texmf-dist/tex/latex/graphics/dvipsnam.def
File: dvipsnam.def 2016/06/17 v3.0m Driver-dependent file (DPC,SPQR)
) (/cloud/home/r311224/.TinyTeX/texmf-dist/tex/latex/xcolor/svgnam.def
File: svgnam.def 2024/09/29 v3.02 Predefined colors according to SVG 1.1 (UK)
) (/cloud/home/r311224/.TinyTeX/texmf-dist/tex/latex/xcolor/x11nam.def
File: x11nam.def 2024/09/29 v3.02 Predefined colors according to Unix/X11 (UK)
) (/cloud/home/r311224/.TinyTeX/texmf-dist/tex/latex/geometry/geometry.sty
Package: geometry 2020/01/02 v5.9 Page Geometry
(/cloud/home/r311224/.TinyTeX/texmf-dist/tex/generic/iftex/ifvtex.sty
Package: ifvtex 2019/10/25 v1.7 ifvtex legacy package. Use iftex instead.
(/cloud/home/r311224/.TinyTeX/texmf-dist/tex/generic/iftex/iftex.sty
Package: iftex 2024/12/12 v1.0g TeX engine tests
))
\Gm@cnth=\count282
\Gm@cntv=\count283
\c@Gm@tempcnt=\count284
\Gm@bindingoffset=\dimen148
\Gm@wd@mp=\dimen149
\Gm@odd@mp=\dimen150
\Gm@even@mp=\dimen151
\Gm@layoutwidth=\dimen152
\Gm@layoutheight=\dimen153
\Gm@layouthoffset=\dimen154
\Gm@layoutvoffset=\dimen155
\Gm@dimlist=\toks18
) (/cloud/home/r311224/.TinyTeX/texmf-dist/tex/latex/amsmath/amsmath.sty
Package: amsmath 2025/07/09 v2.17z AMS math features
\@mathmargin=\skip65
For additional information on amsmath, use the `?' option.
(/cloud/home/r311224/.TinyTeX/texmf-dist/tex/latex/amsmath/amstext.sty
Package: amstext 2024/11/17 v2.01 AMS text
(/cloud/home/r311224/.TinyTeX/texmf-dist/tex/latex/amsmath/amsgen.sty
File: amsgen.sty 1999/11/30 v2.0 generic functions
\@emptytoks=\toks19
\ex@=\dimen156
)) (/cloud/home/r311224/.TinyTeX/texmf-dist/tex/latex/amsmath/amsbsy.sty
Package: amsbsy 1999/11/29 v1.2d Bold Symbols
\pmbraise@=\dimen157
) (/cloud/home/r311224/.TinyTeX/texmf-dist/tex/latex/amsmath/amsopn.sty
Package: amsopn 2022/04/08 v2.04 operator names
)
\inf@bad=\count285
LaTeX Info: Redefining \frac on input line 235.
\uproot@=\count286
\leftroot@=\count287
LaTeX Info: Redefining \overline on input line 398.
LaTeX Info: Redefining \colon on input line 409.
\classnum@=\count288
\DOTSCASE@=\count289
LaTeX Info: Redefining \ldots on input line 495.
LaTeX Info: Redefining \dots on input line 498.
LaTeX Info: Redefining \cdots on input line 619.
\Mathstrutbox@=\box55
\strutbox@=\box56
LaTeX Info: Redefining \big on input line 721.
LaTeX Info: Redefining \Big on input line 722.
LaTeX Info: Redefining \bigg on input line 723.
LaTeX Info: Redefining \Bigg on input line 724.
\big@size=\dimen158
LaTeX Font Info:    Redeclaring font encoding OML on input line 742.
LaTeX Font Info:    Redeclaring font encoding OMS on input line 743.
\macc@depth=\count290
LaTeX Info: Redefining \bmod on input line 904.
LaTeX Info: Redefining \pmod on input line 909.
LaTeX Info: Redefining \smash on input line 939.
LaTeX Info: Redefining \relbar on input line 969.
LaTeX Info: Redefining \Relbar on input line 970.
\c@MaxMatrixCols=\count291
\dotsspace@=\muskip17
\c@parentequation=\count292
\dspbrk@lvl=\count293
\tag@help=\toks20
\row@=\count294
\column@=\count295
\maxfields@=\count296
\andhelp@=\toks21
\eqnshift@=\dimen159
\alignsep@=\dimen160
\tagshift@=\dimen161
\tagwidth@=\dimen162
\totwidth@=\dimen163
\lineht@=\dimen164
\@envbody=\toks22
\multlinegap=\skip66
\multlinetaggap=\skip67
\mathdisplay@stack=\toks23
LaTeX Info: Redefining \[ on input line 2950.
LaTeX Info: Redefining \] on input line 2951.
) (/cloud/home/r311224/.TinyTeX/texmf-dist/tex/latex/amsfonts/amssymb.sty
Package: amssymb 2013/01/14 v3.01 AMS font symbols
(/cloud/home/r311224/.TinyTeX/texmf-dist/tex/latex/amsfonts/amsfonts.sty
Package: amsfonts 2013/01/14 v3.01 Basic AMSFonts support
\symAMSa=\mathgroup4
\symAMSb=\mathgroup5
LaTeX Font Info:    Redeclaring math symbol \hbar on input line 98.
LaTeX Font Info:    Overwriting math alphabet `\mathfrak' in version `bold'
(Font)                  U/euf/m/n --> U/euf/b/n on input line 106.
)) (/cloud/home/r311224/.TinyTeX/texmf-dist/tex/latex/unicode-math/unicode-math.sty (/cloud/home/r311224/.TinyTeX/texmf-dist/tex/latex/l3kernel/expl3.sty
Package: expl3 2025-11-06 L3 programming layer (loader) 
(/cloud/home/r311224/.TinyTeX/texmf-dist/tex/latex/l3backend/l3backend-luatex.def
File: l3backend-luatex.def 2025-10-09 L3 backend support: PDF output (LuaTeX)
\l__color_backend_stack_int=\count297
Inserting `l3color' in `luaotfload.parse_color'.))
Package: unicode-math 2023/08/13 v0.8r Unicode maths in XeLaTeX and LuaLaTeX
(/cloud/home/r311224/.TinyTeX/texmf-dist/tex/latex/unicode-math/unicode-math-luatex.sty
Package: unicode-math-luatex 2023/08/13 v0.8r Unicode maths in XeLaTeX and LuaLaTeX
(/cloud/home/r311224/.TinyTeX/texmf-dist/tex/latex/l3packages/xparse/xparse.sty
Package: xparse 2025-10-09 L3 Experimental document command parser
) (/cloud/home/r311224/.TinyTeX/texmf-dist/tex/latex/l3packages/l3keys2e/l3keys2e.sty
Package: l3keys2e 2025-10-09 LaTeX2e option processing using LaTeX3 keys
) (/cloud/home/r311224/.TinyTeX/texmf-dist/tex/latex/fontspec/fontspec.sty
Package: fontspec 2025/09/29 v2.9g Font selection for XeLaTeX and LuaLaTeX
Lua module: fontspec 2025/09/29 v2.9g Font selection for XeLaTeX and LuaLaTeX (/cloud/home/r311224/.TinyTeX/texmf-dist/tex/latex/fontspec/fontspec-luatex.sty
Package: fontspec-luatex 2025/09/29 v2.9g Font selection for XeLaTeX and LuaLaTeX
\l__fontspec_script_int=\count298
\l__fontspec_language_int=\count299
\l__fontspec_strnum_int=\count300
\l__fontspec_tmp_int=\count301
\l__fontspec_tmpa_int=\count302
\l__fontspec_tmpb_int=\count303
\l__fontspec_tmpc_int=\count304
\l__fontspec_em_int=\count305
\l__fontspec_emdef_int=\count306
\l__fontspec_strong_int=\count307
\l__fontspec_strongdef_int=\count308
\l__fontspec_tmpa_dim=\dimen165
\l__fontspec_tmpb_dim=\dimen166
\l__fontspec_tmpc_dim=\dimen167
(/cloud/home/r311224/.TinyTeX/texmf-dist/tex/latex/base/fontenc.sty
Package: fontenc 2025/07/18 v2.1d Standard LaTeX package
) (/cloud/home/r311224/.TinyTeX/texmf-dist/tex/latex/fontspec/fontspec.cfg))) (/cloud/home/r311224/.TinyTeX/texmf-dist/tex/latex/base/fix-cm.sty
Package: fix-cm 2020/11/24 v1.1t fixes to LaTeX
(/cloud/home/r311224/.TinyTeX/texmf-dist/tex/latex/base/ts1enc.def
File: ts1enc.def 2001/06/05 v3.0e (jk/car/fm) Standard LaTeX file
LaTeX Font Info:    Redeclaring font encoding TS1 on input line 47.
LaTeX Encoding Info:    Redeclaring text command \capitalcedilla (encoding TS1) on input line 49.
LaTeX Encoding Info:    Redeclaring text command \capitalogonek (encoding TS1) on input line 52.
LaTeX Encoding Info:    Redeclaring text command \capitalgrave (encoding TS1) on input line 55.
LaTeX Encoding Info:    Redeclaring text command \capitalacute (encoding TS1) on input line 56.
LaTeX Encoding Info:    Redeclaring text command \capitalcircumflex (encoding TS1) on input line 57.
LaTeX Encoding Info:    Redeclaring text command \capitaltilde (encoding TS1) on input line 58.
LaTeX Encoding Info:    Redeclaring text command \capitaldieresis (encoding TS1) on input line 59.
LaTeX Encoding Info:    Redeclaring text command \capitalhungarumlaut (encoding TS1) on input line 60.
LaTeX Encoding Info:    Redeclaring text command \capitalring (encoding TS1) on input line 61.
LaTeX Encoding Info:    Redeclaring text command \capitalcaron (encoding TS1) on input line 62.
LaTeX Encoding Info:    Redeclaring text command \capitalbreve (encoding TS1) on input line 63.
LaTeX Encoding Info:    Redeclaring text command \capitalmacron (encoding TS1) on input line 64.
LaTeX Encoding Info:    Redeclaring text command \capitaldotaccent (encoding TS1) on input line 65.
LaTeX Encoding Info:    Redeclaring text command \t (encoding TS1) on input line 66.
LaTeX Encoding Info:    Redeclaring text command \capitaltie (encoding TS1) on input line 67.
LaTeX Encoding Info:    Redeclaring text command \newtie (encoding TS1) on input line 68.
LaTeX Encoding Info:    Redeclaring text command \capitalnewtie (encoding TS1) on input line 69.
LaTeX Encoding Info:    Redeclaring text symbol \textcapitalcompwordmark (encoding TS1) on input line 70.
LaTeX Encoding Info:    Redeclaring text symbol \textascendercompwordmark (encoding TS1) on input line 71.
LaTeX Encoding Info:    Redeclaring text symbol \textquotestraightbase (encoding TS1) on input line 72.
LaTeX Encoding Info:    Redeclaring text symbol \textquotestraightdblbase (encoding TS1) on input line 73.
LaTeX Encoding Info:    Redeclaring text symbol \texttwelveudash (encoding TS1) on input line 74.
LaTeX Encoding Info:    Redeclaring text symbol \textthreequartersemdash (encoding TS1) on input line 75.
LaTeX Encoding Info:    Redeclaring text symbol \textleftarrow (encoding TS1) on input line 76.
LaTeX Encoding Info:    Redeclaring text symbol \textrightarrow (encoding TS1) on input line 77.
LaTeX Encoding Info:    Redeclaring text symbol \textblank (encoding TS1) on input line 78.
LaTeX Encoding Info:    Redeclaring text symbol \textdollar (encoding TS1) on input line 79.
LaTeX Encoding Info:    Redeclaring text symbol \textquotesingle (encoding TS1) on input line 80.
LaTeX Encoding Info:    Redeclaring text command \textasteriskcentered (encoding TS1) on input line 81.
LaTeX Encoding Info:    Redeclaring text symbol \textdblhyphen (encoding TS1) on input line 92.
LaTeX Encoding Info:    Redeclaring text symbol \textfractionsolidus (encoding TS1) on input line 93.
LaTeX Encoding Info:    Redeclaring text symbol \textzerooldstyle (encoding TS1) on input line 94.
LaTeX Encoding Info:    Redeclaring text symbol \textoneoldstyle (encoding TS1) on input line 95.
LaTeX Encoding Info:    Redeclaring text symbol \texttwooldstyle (encoding TS1) on input line 96.
LaTeX Encoding Info:    Redeclaring text symbol \textthreeoldstyle (encoding TS1) on input line 97.
LaTeX Encoding Info:    Redeclaring text symbol \textfouroldstyle (encoding TS1) on input line 98.
LaTeX Encoding Info:    Redeclaring text symbol \textfiveoldstyle (encoding TS1) on input line 99.
LaTeX Encoding Info:    Redeclaring text symbol \textsixoldstyle (encoding TS1) on input line 100.
LaTeX Encoding Info:    Redeclaring text symbol \textsevenoldstyle (encoding TS1) on input line 101.
LaTeX Encoding Info:    Redeclaring text symbol \texteightoldstyle (encoding TS1) on input line 102.
LaTeX Encoding Info:    Redeclaring text symbol \textnineoldstyle (encoding TS1) on input line 103.
LaTeX Encoding Info:    Redeclaring text symbol \textlangle (encoding TS1) on input line 104.
LaTeX Encoding Info:    Redeclaring text symbol \textminus (encoding TS1) on input line 105.
LaTeX Encoding Info:    Redeclaring text symbol \textrangle (encoding TS1) on input line 106.
LaTeX Encoding Info:    Redeclaring text symbol \textmho (encoding TS1) on input line 107.
LaTeX Encoding Info:    Redeclaring text symbol \textbigcircle (encoding TS1) on input line 108.
LaTeX Encoding Info:    Redeclaring text command \textcircled (encoding TS1) on input line 109.
LaTeX Encoding Info:    Redeclaring text symbol \textohm (encoding TS1) on input line 115.
LaTeX Encoding Info:    Redeclaring text symbol \textlbrackdbl (encoding TS1) on input line 116.
LaTeX Encoding Info:    Redeclaring text symbol \textrbrackdbl (encoding TS1) on input line 117.
LaTeX Encoding Info:    Redeclaring text symbol \textuparrow (encoding TS1) on input line 118.
LaTeX Encoding Info:    Redeclaring text symbol \textdownarrow (encoding TS1) on input line 119.
LaTeX Encoding Info:    Redeclaring text symbol \textasciigrave (encoding TS1) on input line 120.
LaTeX Encoding Info:    Redeclaring text symbol \textborn (encoding TS1) on input line 121.
LaTeX Encoding Info:    Redeclaring text symbol \textdivorced (encoding TS1) on input line 122.
LaTeX Encoding Info:    Redeclaring text symbol \textdied (encoding TS1) on input line 123.
LaTeX Encoding Info:    Redeclaring text symbol \textleaf (encoding TS1) on input line 124.
LaTeX Encoding Info:    Redeclaring text symbol \textmarried (encoding TS1) on input line 125.
LaTeX Encoding Info:    Redeclaring text symbol \textmusicalnote (encoding TS1) on input line 126.
LaTeX Encoding Info:    Redeclaring text symbol \texttildelow (encoding TS1) on input line 127.
LaTeX Encoding Info:    Redeclaring text symbol \textdblhyphenchar (encoding TS1) on input line 128.
LaTeX Encoding Info:    Redeclaring text symbol \textasciibreve (encoding TS1) on input line 129.
LaTeX Encoding Info:    Redeclaring text symbol \textasciicaron (encoding TS1) on input line 130.
LaTeX Encoding Info:    Redeclaring text symbol \textacutedbl (encoding TS1) on input line 131.
LaTeX Encoding Info:    Redeclaring text symbol \textgravedbl (encoding TS1) on input line 132.
LaTeX Encoding Info:    Redeclaring text symbol \textdagger (encoding TS1) on input line 133.
LaTeX Encoding Info:    Redeclaring text symbol \textdaggerdbl (encoding TS1) on input line 134.
LaTeX Encoding Info:    Redeclaring text symbol \textbardbl (encoding TS1) on input line 135.
LaTeX Encoding Info:    Redeclaring text symbol \textperthousand (encoding TS1) on input line 136.
LaTeX Encoding Info:    Redeclaring text symbol \textbullet (encoding TS1) on input line 137.
LaTeX Encoding Info:    Redeclaring text symbol \textcelsius (encoding TS1) on input line 138.
LaTeX Encoding Info:    Redeclaring text symbol \textdollaroldstyle (encoding TS1) on input line 139.
LaTeX Encoding Info:    Redeclaring text symbol \textcentoldstyle (encoding TS1) on input line 140.
LaTeX Encoding Info:    Redeclaring text symbol \textflorin (encoding TS1) on input line 141.
LaTeX Encoding Info:    Redeclaring text symbol \textcolonmonetary (encoding TS1) on input line 142.
LaTeX Encoding Info:    Redeclaring text symbol \textwon (encoding TS1) on input line 143.
LaTeX Encoding Info:    Redeclaring text symbol \textnaira (encoding TS1) on input line 144.
LaTeX Encoding Info:    Redeclaring text symbol \textguarani (encoding TS1) on input line 145.
LaTeX Encoding Info:    Redeclaring text symbol \textpeso (encoding TS1) on input line 146.
LaTeX Encoding Info:    Redeclaring text symbol \textlira (encoding TS1) on input line 147.
LaTeX Encoding Info:    Redeclaring text symbol \textrecipe (encoding TS1) on input line 148.
LaTeX Encoding Info:    Redeclaring text symbol \textinterrobang (encoding TS1) on input line 149.
LaTeX Encoding Info:    Redeclaring text symbol \textinterrobangdown (encoding TS1) on input line 150.
LaTeX Encoding Info:    Redeclaring text symbol \textdong (encoding TS1) on input line 151.
LaTeX Encoding Info:    Redeclaring text symbol \texttrademark (encoding TS1) on input line 152.
LaTeX Encoding Info:    Redeclaring text symbol \textpertenthousand (encoding TS1) on input line 153.
LaTeX Encoding Info:    Redeclaring text symbol \textpilcrow (encoding TS1) on input line 154.
LaTeX Encoding Info:    Redeclaring text symbol \textbaht (encoding TS1) on input line 155.
LaTeX Encoding Info:    Redeclaring text symbol \textnumero (encoding TS1) on input line 156.
LaTeX Encoding Info:    Redeclaring text symbol \textdiscount (encoding TS1) on input line 157.
LaTeX Encoding Info:    Redeclaring text symbol \textestimated (encoding TS1) on input line 158.
LaTeX Encoding Info:    Redeclaring text symbol \textopenbullet (encoding TS1) on input line 159.
LaTeX Encoding Info:    Redeclaring text symbol \textservicemark (encoding TS1) on input line 160.
LaTeX Encoding Info:    Redeclaring text symbol \textlquill (encoding TS1) on input line 161.
LaTeX Encoding Info:    Redeclaring text symbol \textrquill (encoding TS1) on input line 162.
LaTeX Encoding Info:    Redeclaring text symbol \textcent (encoding TS1) on input line 163.
LaTeX Encoding Info:    Redeclaring text symbol \textsterling (encoding TS1) on input line 164.
LaTeX Encoding Info:    Redeclaring text symbol \textcurrency (encoding TS1) on input line 165.
LaTeX Encoding Info:    Redeclaring text symbol \textyen (encoding TS1) on input line 166.
LaTeX Encoding Info:    Redeclaring text symbol \textbrokenbar (encoding TS1) on input line 167.
LaTeX Encoding Info:    Redeclaring text symbol \textsection (encoding TS1) on input line 168.
LaTeX Encoding Info:    Redeclaring text symbol \textasciidieresis (encoding TS1) on input line 169.
LaTeX Encoding Info:    Redeclaring text symbol \textcopyright (encoding TS1) on input line 170.
LaTeX Encoding Info:    Redeclaring text symbol \textordfeminine (encoding TS1) on input line 171.
LaTeX Encoding Info:    Redeclaring text symbol \textcopyleft (encoding TS1) on input line 172.
LaTeX Encoding Info:    Redeclaring text symbol \textlnot (encoding TS1) on input line 173.
LaTeX Encoding Info:    Redeclaring text symbol \textcircledP (encoding TS1) on input line 174.
LaTeX Encoding Info:    Redeclaring text symbol \textregistered (encoding TS1) on input line 175.
LaTeX Encoding Info:    Redeclaring text symbol \textasciimacron (encoding TS1) on input line 176.
LaTeX Encoding Info:    Redeclaring text symbol \textdegree (encoding TS1) on input line 177.
LaTeX Encoding Info:    Redeclaring text symbol \textpm (encoding TS1) on input line 178.
LaTeX Encoding Info:    Redeclaring text symbol \texttwosuperior (encoding TS1) on input line 179.
LaTeX Encoding Info:    Redeclaring text symbol \textthreesuperior (encoding TS1) on input line 180.
LaTeX Encoding Info:    Redeclaring text symbol \textasciiacute (encoding TS1) on input line 181.
LaTeX Encoding Info:    Redeclaring text symbol \textmu (encoding TS1) on input line 182.
LaTeX Encoding Info:    Redeclaring text symbol \textparagraph (encoding TS1) on input line 183.
LaTeX Encoding Info:    Redeclaring text symbol \textperiodcentered (encoding TS1) on input line 184.
LaTeX Encoding Info:    Redeclaring text symbol \textreferencemark (encoding TS1) on input line 185.
LaTeX Encoding Info:    Redeclaring text symbol \textonesuperior (encoding TS1) on input line 186.
LaTeX Encoding Info:    Redeclaring text symbol \textordmasculine (encoding TS1) on input line 187.
LaTeX Encoding Info:    Redeclaring text symbol \textsurd (encoding TS1) on input line 188.
LaTeX Encoding Info:    Redeclaring text symbol \textonequarter (encoding TS1) on input line 189.
LaTeX Encoding Info:    Redeclaring text symbol \textonehalf (encoding TS1) on input line 190.
LaTeX Encoding Info:    Redeclaring text symbol \textthreequarters (encoding TS1) on input line 191.
LaTeX Encoding Info:    Redeclaring text symbol \texteuro (encoding TS1) on input line 192.
LaTeX Encoding Info:    Redeclaring text symbol \texttimes (encoding TS1) on input line 193.
LaTeX Encoding Info:    Redeclaring text symbol \textdiv (encoding TS1) on input line 194.
)) (/cloud/home/r311224/.TinyTeX/texmf-dist/tex/lualatex/lualatex-math/lualatex-math.sty
Package: lualatex-math 2022/01/01 v1.12 Patches for mathematics typesetting with LuaLaTeX
(/cloud/home/r311224/.TinyTeX/texmf-dist/tex/latex/etoolbox/etoolbox.sty
Package: etoolbox 2025/10/02 v2.5m e-TeX tools for LaTeX (JAW)
\etb@tempcnta=\count309
)
Lua module: lualatex-math 2013/08/03 v1.3 Patches for mathematics typesetting with LuaLaTeX)
\g__um_fam_int=\count310
\g__um_fonts_used_int=\count311
\l__um_primecount_int=\count312
\g__um_primekern_muskip=\muskip18
(/cloud/home/r311224/.TinyTeX/texmf-dist/tex/latex/unicode-math/unicode-math-table.tex))) (/cloud/home/r311224/.TinyTeX/texmf-dist/tex/latex/lm/lmodern.sty
Package: lmodern 2015/05/01 v1.6.1 Latin Modern Fonts
LaTeX Font Info:    Overwriting symbol font `operators' in version `normal'
(Font)                  OT1/cmr/m/n --> OT1/lmr/m/n on input line 22.
LaTeX Font Info:    Overwriting symbol font `letters' in version `normal'
(Font)                  OML/cmm/m/it --> OML/lmm/m/it on input line 23.
LaTeX Font Info:    Overwriting symbol font `symbols' in version `normal'
(Font)                  OMS/cmsy/m/n --> OMS/lmsy/m/n on input line 24.
LaTeX Font Info:    Overwriting symbol font `largesymbols' in version `normal'
(Font)                  OMX/cmex/m/n --> OMX/lmex/m/n on input line 25.
LaTeX Font Info:    Overwriting symbol font `operators' in version `bold'
(Font)                  OT1/cmr/bx/n --> OT1/lmr/bx/n on input line 26.
LaTeX Font Info:    Overwriting symbol font `letters' in version `bold'
(Font)                  OML/cmm/b/it --> OML/lmm/b/it on input line 27.
LaTeX Font Info:    Overwriting symbol font `symbols' in version `bold'
(Font)                  OMS/cmsy/b/n --> OMS/lmsy/b/n on input line 28.
LaTeX Font Info:    Overwriting symbol font `largesymbols' in version `bold'
(Font)                  OMX/cmex/m/n --> OMX/lmex/m/n on input line 29.
LaTeX Font Info:    Overwriting math alphabet `\mathbf' in version `normal'
(Font)                  OT1/cmr/bx/n --> OT1/lmr/bx/n on input line 31.
LaTeX Font Info:    Overwriting math alphabet `\mathsf' in version `normal'
(Font)                  OT1/cmss/m/n --> OT1/lmss/m/n on input line 32.
LaTeX Font Info:    Overwriting math alphabet `\mathit' in version `normal'
(Font)                  OT1/cmr/m/it --> OT1/lmr/m/it on input line 33.
LaTeX Font Info:    Overwriting math alphabet `\mathtt' in version `normal'
(Font)                  OT1/cmtt/m/n --> OT1/lmtt/m/n on input line 34.
LaTeX Font Info:    Overwriting math alphabet `\mathbf' in version `bold'
(Font)                  OT1/cmr/bx/n --> OT1/lmr/bx/n on input line 35.
LaTeX Font Info:    Overwriting math alphabet `\mathsf' in version `bold'
(Font)                  OT1/cmss/bx/n --> OT1/lmss/bx/n on input line 36.
LaTeX Font Info:    Overwriting math alphabet `\mathit' in version `bold'
(Font)                  OT1/cmr/bx/it --> OT1/lmr/bx/it on input line 37.
LaTeX Font Info:    Overwriting math alphabet `\mathtt' in version `bold'
(Font)                  OT1/cmtt/m/n --> OT1/lmtt/m/n on input line 38.
) (/cloud/home/r311224/.TinyTeX/texmf-dist/tex/latex/setspace/setspace.sty
Package: setspace 2022/12/04 v6.7b set line spacing
) (/cloud/home/r311224/.TinyTeX/texmf-dist/tex/latex/tools/longtable.sty
Package: longtable 2025-10-13 v4.24 Multi-page Table package (DPC)
\LTleft=\skip68
\LTright=\skip69
\LTpre=\skip70
\LTpost=\skip71
\LTchunksize=\count313
\LTcapwidth=\dimen168
\LT@head=\box57
\LT@firsthead=\box58
\LT@foot=\box59
\LT@lastfoot=\box60
\LT@gbox=\box61
\LT@cols=\count314
\LT@rows=\count315
\c@LT@tables=\count316
\c@LT@chunks=\count317
\LT@p@ftn=\toks24
)
Class scrartcl Info: longtable captions redefined on input line 74.
(/cloud/home/r311224/.TinyTeX/texmf-dist/tex/latex/booktabs/booktabs.sty
Package: booktabs 2020/01/12 v1.61803398 Publication quality tables
\heavyrulewidth=\dimen169
\lightrulewidth=\dimen170
\cmidrulewidth=\dimen171
\belowrulesep=\dimen172
\belowbottomsep=\dimen173
\aboverulesep=\dimen174
\abovetopsep=\dimen175
\cmidrulesep=\dimen176
\cmidrulekern=\dimen177
\defaultaddspace=\dimen178
\@cmidla=\count318
\@cmidlb=\count319
\@aboverulesep=\dimen179
\@belowrulesep=\dimen180
\@thisruleclass=\count320
\@lastruleclass=\count321
\@thisrulewidth=\dimen181
) (/cloud/home/r311224/.TinyTeX/texmf-dist/tex/latex/tools/array.sty
Package: array 2025/09/25 v2.6n Tabular extension package (FMi)
\col@sep=\dimen182
\ar@mcellbox=\box62
\extrarowheight=\dimen183
\NC@list=\toks25
\extratabsurround=\skip72
\backup@length=\skip73
\ar@cellbox=\box63
) (/cloud/home/r311224/.TinyTeX/texmf-dist/tex/latex/tools/calc.sty
Package: calc 2025/03/01 v4.3b Infix arithmetic (KKT,FJ)
\calc@Acount=\count322
\calc@Bcount=\count323
\calc@Adimen=\dimen184
\calc@Bdimen=\dimen185
\calc@Askip=\skip74
\calc@Bskip=\skip75
LaTeX Info: Redefining \setlength on input line 86.
LaTeX Info: Redefining \addtolength on input line 87.
\calc@Ccount=\count324
\calc@Cskip=\skip76
) (/cloud/home/r311224/.TinyTeX/texmf-dist/tex/latex/mdwtools/footnote.sty
Package: footnote 1997/01/28 1.13 Save footnotes around boxes
\fn@notes=\box64
\fn@width=\dimen186
) (/cloud/home/r311224/.TinyTeX/texmf-dist/tex/latex/graphics/graphicx.sty
Package: graphicx 2024/12/31 v1.2e Enhanced LaTeX Graphics (DPC,SPQR)
(/cloud/home/r311224/.TinyTeX/texmf-dist/tex/latex/graphics/graphics.sty
Package: graphics 2024/08/06 v1.4g Standard LaTeX Graphics (DPC,SPQR)
(/cloud/home/r311224/.TinyTeX/texmf-dist/tex/latex/graphics/trig.sty
Package: trig 2023/12/02 v1.11 sin cos tan (DPC)
) (/cloud/home/r311224/.TinyTeX/texmf-dist/tex/latex/graphics-cfg/graphics.cfg
File: graphics.cfg 2016/06/04 v1.11 sample graphics configuration
)
Package graphics Info: Driver file: luatex.def on input line 106.
)
\Gin@req@height=\dimen187
\Gin@req@width=\dimen188
)
\pandoc@box=\box65
(/cloud/home/r311224/.TinyTeX/texmf-dist/tex/generic/babel/babel.sty
Package: babel 2025/11/09 v25.15 The multilingual framework for LuaLaTeX, pdfLaTeX and XeLaTeX
(/cloud/home/r311224/.TinyTeX/texmf-dist/tex/generic/babel/luababel.def
\bbl@readstream=\read2
\l@dumylang=\language2
Package babel Info: Non-standard hyphenation setup on input line 118.
\l@nohyphenation=\language3
\babelcatcodetablenum=\catcodetable14
\bbl@pattcodes=\catcodetable15
)
\babel@savecnt=\count325
LaTeX Encoding Info:    Redeclaring text command \ij (encoding OT1) on input line 2050.
LaTeX Encoding Info:    Redeclaring text command \IJ (encoding OT1) on input line 2052.
LaTeX Encoding Info:    Redeclaring text command \ij (encoding T1) on input line 2054.
LaTeX Encoding Info:    Redeclaring text command \IJ (encoding T1) on input line 2055.
LaTeX Encoding Info:    Ignoring declaration for text command \ij (encoding ?) on input line 2056.
LaTeX Encoding Info:    Ignoring declaration for text command \IJ (encoding ?) on input line 2058.
LaTeX Encoding Info:    Ignoring declaration for text command \SS (encoding ?) on input line 2083.
\U@D=\dimen189
\l@unhyphenated=\language4
(/cloud/home/r311224/.TinyTeX/texmf-dist/tex/generic/babel/luababel.def
\bbl@attr@locale=\attribute4
(/cloud/home/r311224/.TinyTeX/texmf-dist/tex/luatex/luatexbase/luatexbase.sty
Package: luatexbase 2015/10/04 v1.3 luatexbase interface to LuaTeX 
(/cloud/home/r311224/.TinyTeX/texmf-dist/tex/luatex/ctablestack/ctablestack.sty
Package: ctablestack 2015/10/01 v1.0 Catcode table stable support
\@catcodetablestackcnt=\count326
)
\CatcodeTableOther=\catcodetable16
\CatcodeTableExpl=\catcodetable17
)
Removing  `luaotfload.node_processor' from `pre_linebreak_filter'.
Inserting `Babel.pre_otfload_v' in `pre_linebreak_filter'.
Inserting `luaotfload.node_processor' in `pre_linebreak_filter'.
Removing  `luaotfload.node_processor' from `hpack_filter'.
Removing  `luaotfload.harf.finalize_hlist' from `hpack_filter'.
Inserting `Babel.pre_otfload_h' in `hpack_filter'.
Inserting `luaotfload.node_processor' in `hpack_filter'.
Inserting `luaotfload.harf.finalize_hlist' in `hpack_filter'.
\bbl@attr@dir=\attribute5
) (/cloud/home/r311224/.TinyTeX/texmf-dist/tex/generic/babel/locale/ja/babel-japanese.tex)
Package babel Info: Importing data for japanese
(babel)             from babel-ja.ini. Reported on input line 4298.
\bbl@readsubstream=\read3
Package babel Info: Hyphen rules for 'japanese' set to \l@english
(babel)             (\language0). Reported on input line 4298.
Inserting `Babel.hyphenate' in `hyphenate'. (/cloud/home/r311224/.TinyTeX/texmf-dist/tex/generic/babel/locale/ja/babel-japanese.tex)) (/cloud/home/r311224/.TinyTeX/texmf-dist/tex/latex/caption/caption.sty
Package: caption 2023/08/05 v3.6o Customizing captions (AR)
(/cloud/home/r311224/.TinyTeX/texmf-dist/tex/latex/caption/caption3.sty
Package: caption3 2023/07/31 v2.4d caption3 kernel (AR)
\caption@tempdima=\dimen190
\captionmargin=\dimen191
\caption@leftmargin=\dimen192
\caption@rightmargin=\dimen193
\caption@width=\dimen194
\caption@indent=\dimen195
\caption@parindent=\dimen196
\caption@hangindent=\dimen197
Package caption Info: Unknown document class (or package),
(caption)             standard defaults will be used.
Package caption Info: \@makecaption = \long macro:#1#2->\@abovecaptionbreak \vskip \abovecaptionskip \@abovecaptionbreak \@@makecaption \@firstofone {#1}{#2}\@belowcaptionbreak \vskip \belowcaptionskip \@belowcaptionbreak  on input line 1175.
)

Package caption Warning: Unknown document class (or package),
(caption)                standard defaults will be used.
See the caption package documentation for explanation.

\c@caption@flags=\count327
\c@continuedfloat=\count328
Package caption Info: longtable package is loaded.
(/cloud/home/r311224/.TinyTeX/texmf-dist/tex/latex/caption/ltcaption.sty
Package: ltcaption 2021/01/08 v1.4c longtable captions (AR)
)) (/cloud/home/r311224/.TinyTeX/texmf-dist/tex/latex/colortbl/colortbl.sty
Package: colortbl 2024/10/29 v1.0k Color table columns (DPC)
\everycr=\toks26
\minrowclearance=\skip77
\rownum=\count329
) (/cloud/home/r311224/.TinyTeX/texmf-dist/tex/latex/anyfontsize/anyfontsize.sty
Package: anyfontsize 2007/11/22 anyfontsize.sty by pts
) (/cloud/home/r311224/.TinyTeX/texmf-dist/tex/latex/multirow/multirow.sty
Package: multirow 2024/11/12 v2.9 Span multiple rows of a table
\multirow@colwidth=\skip78
\multirow@cntb=\count330
\multirow@dima=\skip79
\bigstrutjot=\dimen198
) (/cloud/home/r311224/.TinyTeX/texmf-dist/tex/luatex/luatexja/luatexja.sty
Package: luatexja 2025-11-02 Japanese Typesetting with Lua(La)TeX
(/cloud/home/r311224/.TinyTeX/texmf-dist/tex/luatex/luatexja/luatexja-core.sty
Package: luatexja-core 2023-10-07 Core of LuaTeX-ja
(/cloud/home/r311224/.TinyTeX/texmf-dist/tex/generic/infwarerr/infwarerr.sty
Package: infwarerr 2019/12/03 v1.5 Providing info/warning/error messages (HO)
) (/cloud/home/r311224/.TinyTeX/texmf-dist/tex/generic/ltxcmds/ltxcmds.sty
Package: ltxcmds 2023-12-04 v1.26 LaTeX kernel commands for general use (HO)
) (/cloud/home/r311224/.TinyTeX/texmf-dist/tex/generic/pdftexcmds/pdftexcmds.sty
Package: pdftexcmds 2020-06-27 v0.33 Utility functions of pdfTeX for LuaTeX (HO)
Package pdftexcmds Info: \pdf@primitive is available.
Package pdftexcmds Info: \pdf@ifprimitive is available.
Package pdftexcmds Info: \pdfdraftmode found.
\pdftexcmds@toks=\toks27
) (/cloud/home/r311224/.TinyTeX/texmf-dist/tex/latex/xkeyval/xkeyval.sty
Package: xkeyval 2025/11/04 v2.10 package option processing (HA)
(/cloud/home/r311224/.TinyTeX/texmf-dist/tex/generic/xkeyval/xkeyval.tex (/cloud/home/r311224/.TinyTeX/texmf-dist/tex/generic/xkeyval/xkvutils.tex
\XKV@toks=\toks28
\XKV@tempa@toks=\toks29
\XKV@tempb@toks=\toks30
)
\XKV@depth=\count331
File: xkeyval.tex 2014/12/03 v2.7a key=value parser (HA)
))
\ltjlineendcomment=\count332
\ltj@dimen@zw=\dimen199
\ltj@dimen@zh=\dimen256
\ltj@dimen@jQ=\dimen257
\ltj@icflag=\attribute6
\ltj@curjfnt=\attribute7
\ltj@curtfnt=\attribute8
\ltj@charclass=\attribute9
\ltj@charcode=\attribute10
\ltj@autospc=\attribute11
\ltj@autoxspc=\attribute12
\ltj@yablshift=\attribute13
\ltj@ykblshift=\attribute14
\ltj@tablshift=\attribute15
\ltj@tkblshift=\attribute16
\jfam=\attribute17
\ltj@vert@ori=\attribute18
\ltj@dir=\attribute19
\ltj@@japanese=\language5
\ltj@tempcnta=\count333
\ltj@tempdima=\dimen258
\ltj@@stack=\count334
\ltj@@group@level=\count335
\ltj@kcat0=\attribute20
\ltj@kcat1=\attribute21
\ltj@kcat2=\attribute22
\ltj@kcat3=\attribute23
\ltj@kcat4=\attribute24
\ltj@kcat5=\attribute25
\ltj@kcat6=\attribute26
Custom whatsit inhibitglue = 1
Custom whatsit stack_marker = 2
Custom whatsit begin_par = 3
Custom whatsit direction = 4
Custom whatsit box_boundary = 5
Custom whatsit ja_al_boundary = 6(load cache: ltj-cid-auto-adobe-japan1.luc)
Lua module: luatexja.charrange 2022-08-19 Handling the range of Japanese characters
Lua module: luatexja.stack 2022-08-20 LuaTeX-ja stack system
Inserting `ltj.create_dir_whatsit' in `hpack_filter'.
Inserting `ltj.create_dir_whatsit' in `post_linebreak_filter'.
Inserting `ltj.direction' in `vpack_filter'.
Inserting `ltj.direction' in `pre_output_filter'.
Inserting `ltj.lineskip' in `post_linebreak_filter'.
Inserting `ltj.lineskip' in `append_to_vlist_filter'.
Lua module: luatexja.jfont 2025-05-04 Loader for Japanese fonts
Removing  `luaotfload.define_font' from `define_font'.
Inserting `luatexja.font_callback' in `define_font'.
Removing  `luaotfload.aux.set_sscale_dimens' from `luaotfload.patch_font'.
Removing  `luaotfload.aux.set_font_index' from `luaotfload.patch_font'.
Removing  `luaotfload.aux.patch_cambria_domh' from `luaotfload.patch_font'.
Removing  `luaotfload.aux.set_capheight' from `luaotfload.patch_font'.
Removing  `luaotfload.aux.set_xheight' from `luaotfload.patch_font'.
Removing  `luaotfload.rewrite_fontname' from `luaotfload.patch_font'.
Inserting `ltj.prepare_extra_data' in `luaotfload.patch_font'.
Inserting `luaotfload.aux.set_sscale_dimens' in `luaotfload.patch_font'.
Inserting `luaotfload.aux.set_font_index' in `luaotfload.patch_font'.
Inserting `luaotfload.aux.patch_cambria_domh' in `luaotfload.patch_font'.
Inserting `luaotfload.aux.set_capheight' in `luaotfload.patch_font'.
Inserting `luaotfload.aux.set_xheight' in `luaotfload.patch_font'.
Inserting `luaotfload.rewrite_fontname' in `luaotfload.patch_font'.
Inserting `ltj.prepare_extra_data' in `luatexja.define_font'.(load cache: extra_lmroman10-regular.luc)(load cache: extra_lmroman10-bold.luc)
Inserting `ltj.get_vert_form' in `luatexja.define_jfont'.
Removing  `ltj.prepare_extra_data' from `luaotfload.patch_font'.
Removing  `luaotfload.aux.set_sscale_dimens' from `luaotfload.patch_font'.
Removing  `luaotfload.aux.set_font_index' from `luaotfload.patch_font'.
Removing  `luaotfload.aux.patch_cambria_domh' from `luaotfload.patch_font'.
Removing  `luaotfload.aux.set_capheight' from `luaotfload.patch_font'.
Removing  `luaotfload.aux.set_xheight' from `luaotfload.patch_font'.
Removing  `luaotfload.rewrite_fontname' from `luaotfload.patch_font'.
Inserting `ltj.supply_tounicode' in `luaotfload.patch_font'.
Inserting `ltj.prepare_extra_data' in `luaotfload.patch_font'.
Inserting `luaotfload.aux.set_sscale_dimens' in `luaotfload.patch_font'.
Inserting `luaotfload.aux.set_font_index' in `luaotfload.patch_font'.
Inserting `luaotfload.aux.patch_cambria_domh' in `luaotfload.patch_font'.
Inserting `luaotfload.aux.set_capheight' in `luaotfload.patch_font'.
Inserting `luaotfload.aux.set_xheight' in `luaotfload.patch_font'.
Inserting `luaotfload.rewrite_fontname' in `luaotfload.patch_font'.
Inserting `ltj.process_input_buffer' in `process_input_buffer'.
Inserting `ltj.hyphenate' in `hyphenate'.
Removing  `Babel.pre_otfload_h' from `hpack_filter'.
Removing  `luaotfload.node_processor' from `hpack_filter'.
Removing  `luaotfload.harf.finalize_hlist' from `hpack_filter'.
Removing  `ltj.create_dir_whatsit' from `hpack_filter'.
Inserting `ltj.set_stack_level' in `hpack_filter'.
Inserting `Babel.pre_otfload_h' in `hpack_filter'.
Inserting `luaotfload.node_processor' in `hpack_filter'.
Inserting `luaotfload.harf.finalize_hlist' in `hpack_filter'.
Inserting `ltj.create_dir_whatsit' in `hpack_filter'.
Removing  `Babel.pre_otfload_v' from `pre_linebreak_filter'.
Removing  `luaotfload.node_processor' from `pre_linebreak_filter'.
Inserting `ltj.set_stack_level' in `pre_linebreak_filter'.
Inserting `Babel.pre_otfload_v' in `pre_linebreak_filter'.
Inserting `luaotfload.node_processor' in `pre_linebreak_filter'.
Lua module: luatexja.jfmglue 2025-05-27 Insertion process of JFM glues, [x]kanjiskip and others
Inserting `luatexja.beginpar.np_info' in `luatexja.jfmglue.whatsit_getinfo'.
Inserting `luatexja.beginpar.np_info_after' in `luatexja.jfmglue.whatsit_after'.
Inserting `ltj.mlist_to_hlist_pre' in `pre_mlist_to_hlist_filter'.
Inserting `ltj.main' in `pre_linebreak_filter'.
Removing  `luaotfload.harf.finalize_hlist' from `hpack_filter'.
Removing  `ltj.create_dir_whatsit' from `hpack_filter'.
Inserting `ltj.main' in `hpack_filter'.
Inserting `luaotfload.harf.finalize_hlist' in `hpack_filter'.
Inserting `ltj.create_dir_whatsit' in `hpack_filter'.
Removing  `ltj.set_stack_level' from `pre_linebreak_filter'.
Removing  `Babel.pre_otfload_v' from `pre_linebreak_filter'.
Removing  `luaotfload.node_processor' from `pre_linebreak_filter'.
Removing  `ltj.main' from `pre_linebreak_filter'.
Inserting `ltj.adjust_icflag' in `pre_linebreak_filter'.
Inserting `ltj.set_stack_level' in `pre_linebreak_filter'.
Inserting `Babel.pre_otfload_v' in `pre_linebreak_filter'.
Inserting `luaotfload.node_processor' in `pre_linebreak_filter'.
Inserting `ltj.main' in `pre_linebreak_filter'.
Removing  `ltj.set_stack_level' from `hpack_filter'.
Removing  `Babel.pre_otfload_h' from `hpack_filter'.
Removing  `luaotfload.node_processor' from `hpack_filter'.
Removing  `ltj.main' from `hpack_filter'.
Removing  `luaotfload.harf.finalize_hlist' from `hpack_filter'.
Removing  `ltj.create_dir_whatsit' from `hpack_filter'.
Inserting `ltj.adjust_icflag' in `hpack_filter'.
Inserting `ltj.set_stack_level' in `hpack_filter'.
Inserting `Babel.pre_otfload_h' in `hpack_filter'.
Inserting `luaotfload.node_processor' in `hpack_filter'.
Inserting `ltj.main' in `hpack_filter'.
Inserting `luaotfload.harf.finalize_hlist' in `hpack_filter'.
Inserting `ltj.create_dir_whatsit' in `hpack_filter'. (/cloud/home/r311224/.TinyTeX/texmf-dist/tex/luatex/luatexja/ltj-base.sty
Package: ltj-base 2021-03-16
\ltj@tempcntb=\count336
\ltj@tempcntc=\count337
\ltj@afbox=\box66
)
\ltj@@italic@inner=\luafunction31
\ltj@@start@time@measure@inner=\luafunction32
\ltj@@stop@time@measure@inner=\luafunction33
\ltj@@jfont@inner=\luafunction34
\ltj@zw@inner=\luafunction35
\ltj@zh@inner=\luafunction36
\ltj@reset@globaldefs@inner=\luafunction37
\ltj@restore@globaldefs@inner=\luafunction38
\ltj@@disihb@inner=\luafunction39
\ltj@@ihb@inner=\luafunction40
\ltj@@fakeparbegin@inner=\luafunction41
\ltj@@fakeboxbdd@inner=\luafunction42
\ltj@@ins@xk@inner=\luafunction43
\ltj@@ins@k@inner=\luafunction44
\ltjsetkanjiskip@inner=\luafunction45
\ltjsetxkanjiskip@inner=\luafunction46
\ltj@@getparam@one@inner=\luafunction47
\ltj@alljachar@inner=\luafunction48
\ltj@@lua@populate@insertwhatsit@inner=\luafunction49
\ltj@@vadjust@begin@inner=\luafunction50
\ltj@@vadjust@dirhook@inner=\luafunction51
\ltj@@vadjust@check@dir@inner=\luafunction52
\ltj@@box@dirhook@inner=\luafunction53
\ltj@@reset@badness@inner=\luafunction54
\ltj@@i@everyhbox=\toks31
\ltj@@i@everyvbox=\toks32
\ltj@@lua@raisebox@inner=\luafunction55
\ltj@@vsplit@inner=\luafunction56
\ltj@@lua@unboxcheckdir@inner=\luafunction57
\ltj@@lua@uncopycheckdir@inner=\luafunction58
\ltj@@lua@uncopy@restore@whatsit@inner=\luafunction59
(load cache: ltj-kinsoku_default.luc) (/cloud/home/r311224/.TinyTeX/texmf-dist/tex/luatex/luatexja/ltj-latex.sty
Package: ltj-latex 2025-06-08 LaTeX support of LuaTeX-ja
Inserting `ltj.direction' in `pre_shipout_filter'. (/cloud/home/r311224/.TinyTeX/texmf-dist/tex/luatex/luatexja/patches/lltjfont.sty
Package: lltjfont 2025-10-26 Patch to NFSS2 for LuaTeX-ja
\ltj@@latex@plv=\count338
(/cloud/home/r311224/.TinyTeX/texmf-dist/tex/latex/base/tuenc.def
File: tuenc.def 2025/07/18 v2.1d Standard LaTeX file
\@remove@tlig@@@=\luafunction60
LaTeX Font Info:    Redeclaring font encoding TU on input line 105.
LaTeX Encoding Info:    Redeclaring text command \textquotesingle (encoding TU) on input line 148.
LaTeX Encoding Info:    Redeclaring text command \textasciigrave (encoding TU) on input line 149.
LaTeX Encoding Info:    Redeclaring text command \textquotedbl (encoding TU) on input line 150.
LaTeX Encoding Info:    Redeclaring text command \textdollar (encoding TU) on input line 151.
LaTeX Encoding Info:    Redeclaring text command \textless (encoding TU) on input line 152.
LaTeX Encoding Info:    Redeclaring text command \textgreater (encoding TU) on input line 153.
LaTeX Encoding Info:    Redeclaring text command \textbackslash (encoding TU) on input line 154.
LaTeX Encoding Info:    Redeclaring text command \textasciicircum (encoding TU) on input line 155.
LaTeX Encoding Info:    Redeclaring text command \textunderscore (encoding TU) on input line 156.
LaTeX Encoding Info:    Redeclaring text command \textbraceleft (encoding TU) on input line 157.
LaTeX Encoding Info:    Redeclaring text command \textbar (encoding TU) on input line 158.
LaTeX Encoding Info:    Redeclaring text command \textbraceright (encoding TU) on input line 159.
LaTeX Encoding Info:    Redeclaring text command \textasciitilde (encoding TU) on input line 160.
LaTeX Encoding Info:    Redeclaring text command \textexclamdown (encoding TU) on input line 161.
LaTeX Encoding Info:    Redeclaring text command \textcent (encoding TU) on input line 162.
LaTeX Encoding Info:    Redeclaring text command \textsterling (encoding TU) on input line 163.
LaTeX Encoding Info:    Redeclaring text command \textcurrency (encoding TU) on input line 164.
LaTeX Encoding Info:    Redeclaring text command \textyen (encoding TU) on input line 165.
LaTeX Encoding Info:    Redeclaring text command \textbrokenbar (encoding TU) on input line 166.
LaTeX Encoding Info:    Redeclaring text command \textsection (encoding TU) on input line 167.
LaTeX Encoding Info:    Redeclaring text command \textasciidieresis (encoding TU) on input line 168.
LaTeX Encoding Info:    Redeclaring text command \textcopyright (encoding TU) on input line 169.
LaTeX Encoding Info:    Redeclaring text command \textordfeminine (encoding TU) on input line 170.
LaTeX Encoding Info:    Redeclaring text command \guillemetleft (encoding TU) on input line 171.
LaTeX Encoding Info:    Redeclaring text command \guillemotleft (encoding TU) on input line 172.
LaTeX Encoding Info:    Redeclaring text command \textlnot (encoding TU) on input line 173.
LaTeX Encoding Info:    Redeclaring text command \textregistered (encoding TU) on input line 174.
LaTeX Encoding Info:    Redeclaring text command \textasciimacron (encoding TU) on input line 175.
LaTeX Encoding Info:    Redeclaring text command \textdegree (encoding TU) on input line 176.
LaTeX Encoding Info:    Redeclaring text command \textpm (encoding TU) on input line 177.
LaTeX Encoding Info:    Redeclaring text command \texttwosuperior (encoding TU) on input line 178.
LaTeX Encoding Info:    Redeclaring text command \textthreesuperior (encoding TU) on input line 179.
LaTeX Encoding Info:    Redeclaring text command \textasciiacute (encoding TU) on input line 180.
LaTeX Encoding Info:    Redeclaring text command \textmu (encoding TU) on input line 181.
LaTeX Encoding Info:    Redeclaring text command \textparagraph (encoding TU) on input line 182.
LaTeX Encoding Info:    Redeclaring text command \textperiodcentered (encoding TU) on input line 183.
LaTeX Encoding Info:    Redeclaring text command \textonesuperior (encoding TU) on input line 184.
LaTeX Encoding Info:    Redeclaring text command \textordmasculine (encoding TU) on input line 185.
LaTeX Encoding Info:    Redeclaring text command \guillemetright (encoding TU) on input line 186.
LaTeX Encoding Info:    Redeclaring text command \guillemotright (encoding TU) on input line 187.
LaTeX Encoding Info:    Redeclaring text command \textonequarter (encoding TU) on input line 188.
LaTeX Encoding Info:    Redeclaring text command \textonehalf (encoding TU) on input line 189.
LaTeX Encoding Info:    Redeclaring text command \textthreequarters (encoding TU) on input line 190.
LaTeX Encoding Info:    Redeclaring text command \textquestiondown (encoding TU) on input line 191.
LaTeX Encoding Info:    Redeclaring text command \AE (encoding TU) on input line 192.
LaTeX Encoding Info:    Redeclaring text command \DH (encoding TU) on input line 193.
LaTeX Encoding Info:    Redeclaring text command \texttimes (encoding TU) on input line 194.
LaTeX Encoding Info:    Redeclaring text command \O (encoding TU) on input line 195.
LaTeX Encoding Info:    Redeclaring text command \TH (encoding TU) on input line 196.
LaTeX Encoding Info:    Redeclaring text command \ss (encoding TU) on input line 197.
LaTeX Encoding Info:    Redeclaring text command \ae (encoding TU) on input line 198.
LaTeX Encoding Info:    Redeclaring text command \dh (encoding TU) on input line 199.
LaTeX Encoding Info:    Redeclaring text command \textdiv (encoding TU) on input line 200.
LaTeX Encoding Info:    Redeclaring text command \o (encoding TU) on input line 201.
LaTeX Encoding Info:    Redeclaring text command \th (encoding TU) on input line 202.
LaTeX Encoding Info:    Redeclaring text command \DJ (encoding TU) on input line 203.
LaTeX Encoding Info:    Redeclaring text command \dj (encoding TU) on input line 204.
LaTeX Encoding Info:    Redeclaring text command \i (encoding TU) on input line 205.
LaTeX Encoding Info:    Redeclaring text command \IJ (encoding TU) on input line 206.
LaTeX Encoding Info:    Redeclaring text command \ij (encoding TU) on input line 207.
LaTeX Encoding Info:    Redeclaring text command \L (encoding TU) on input line 208.
LaTeX Encoding Info:    Redeclaring text command \l (encoding TU) on input line 209.
LaTeX Encoding Info:    Redeclaring text command \NG (encoding TU) on input line 210.
LaTeX Encoding Info:    Redeclaring text command \ng (encoding TU) on input line 211.
LaTeX Encoding Info:    Redeclaring text command \OE (encoding TU) on input line 212.
LaTeX Encoding Info:    Redeclaring text command \oe (encoding TU) on input line 213.
LaTeX Encoding Info:    Redeclaring text command \textflorin (encoding TU) on input line 214.
LaTeX Encoding Info:    Redeclaring text command \j (encoding TU) on input line 215.
LaTeX Encoding Info:    Redeclaring text command \textasciicaron (encoding TU) on input line 216.
LaTeX Encoding Info:    Redeclaring text command \textasciibreve (encoding TU) on input line 217.
LaTeX Encoding Info:    Redeclaring text command \textacutedbl (encoding TU) on input line 218.
LaTeX Encoding Info:    Redeclaring text command \textgravedbl (encoding TU) on input line 219.
LaTeX Encoding Info:    Redeclaring text command \texttildelow (encoding TU) on input line 220.
LaTeX Encoding Info:    Redeclaring text command \textbaht (encoding TU) on input line 221.
LaTeX Encoding Info:    Redeclaring text command \SS (encoding TU) on input line 222.
LaTeX Encoding Info:    Redeclaring text command \textcompwordmark (encoding TU) on input line 223.
LaTeX Encoding Info:    Redeclaring text command \textendash (encoding TU) on input line 224.
LaTeX Encoding Info:    Redeclaring text command \textemdash (encoding TU) on input line 225.
LaTeX Encoding Info:    Redeclaring text command \textnonbreakinghyphen (encoding TU) on input line 226.
LaTeX Encoding Info:    Redeclaring text command \textfiguredash (encoding TU) on input line 228.
LaTeX Encoding Info:    Redeclaring text command \texthorizontalbar (encoding TU) on input line 230.
LaTeX Encoding Info:    Redeclaring text command \textbardbl (encoding TU) on input line 232.
LaTeX Encoding Info:    Redeclaring text command \textquoteleft (encoding TU) on input line 233.
LaTeX Encoding Info:    Redeclaring text command \textquoteright (encoding TU) on input line 234.
LaTeX Encoding Info:    Redeclaring text command \quotesinglbase (encoding TU) on input line 235.
LaTeX Encoding Info:    Redeclaring text command \textquotedblleft (encoding TU) on input line 236.
LaTeX Encoding Info:    Redeclaring text command \textquotedblright (encoding TU) on input line 237.
LaTeX Encoding Info:    Redeclaring text command \quotedblbase (encoding TU) on input line 238.
LaTeX Encoding Info:    Redeclaring text command \textdagger (encoding TU) on input line 239.
LaTeX Encoding Info:    Redeclaring text command \textdaggerdbl (encoding TU) on input line 240.
LaTeX Encoding Info:    Redeclaring text command \textbullet (encoding TU) on input line 241.
LaTeX Encoding Info:    Redeclaring text command \textellipsis (encoding TU) on input line 242.
LaTeX Encoding Info:    Redeclaring text command \textperthousand (encoding TU) on input line 243.
LaTeX Encoding Info:    Redeclaring text command \textpertenthousand (encoding TU) on input line 244.
LaTeX Encoding Info:    Redeclaring text command \guilsinglleft (encoding TU) on input line 245.
LaTeX Encoding Info:    Redeclaring text command \guilsinglright (encoding TU) on input line 246.
LaTeX Encoding Info:    Redeclaring text command \textreferencemark (encoding TU) on input line 247.
LaTeX Encoding Info:    Redeclaring text command \textinterrobang (encoding TU) on input line 248.
LaTeX Encoding Info:    Redeclaring text command \textfractionsolidus (encoding TU) on input line 249.
LaTeX Encoding Info:    Redeclaring text command \textlquill (encoding TU) on input line 250.
LaTeX Encoding Info:    Redeclaring text command \textrquill (encoding TU) on input line 251.
LaTeX Encoding Info:    Redeclaring text command \textdiscount (encoding TU) on input line 252.
LaTeX Encoding Info:    Redeclaring text command \textcolonmonetary (encoding TU) on input line 253.
LaTeX Encoding Info:    Redeclaring text command \textlira (encoding TU) on input line 254.
LaTeX Encoding Info:    Redeclaring text command \textnaira (encoding TU) on input line 255.
LaTeX Encoding Info:    Redeclaring text command \textwon (encoding TU) on input line 256.
LaTeX Encoding Info:    Redeclaring text command \textdong (encoding TU) on input line 257.
LaTeX Encoding Info:    Redeclaring text command \texteuro (encoding TU) on input line 258.
LaTeX Encoding Info:    Redeclaring text command \textpeso (encoding TU) on input line 259.
LaTeX Encoding Info:    Redeclaring text command \textcelsius (encoding TU) on input line 260.
LaTeX Encoding Info:    Redeclaring text command \textnumero (encoding TU) on input line 261.
LaTeX Encoding Info:    Redeclaring text command \textcircledP (encoding TU) on input line 262.
LaTeX Encoding Info:    Redeclaring text command \textrecipe (encoding TU) on input line 263.
LaTeX Encoding Info:    Redeclaring text command \textservicemark (encoding TU) on input line 264.
LaTeX Encoding Info:    Redeclaring text command \texttrademark (encoding TU) on input line 265.
LaTeX Encoding Info:    Redeclaring text command \textohm (encoding TU) on input line 266.
LaTeX Encoding Info:    Redeclaring text command \textmho (encoding TU) on input line 267.
LaTeX Encoding Info:    Redeclaring text command \textestimated (encoding TU) on input line 268.
LaTeX Encoding Info:    Redeclaring text command \textleftarrow (encoding TU) on input line 269.
LaTeX Encoding Info:    Redeclaring text command \textuparrow (encoding TU) on input line 270.
LaTeX Encoding Info:    Redeclaring text command \textrightarrow (encoding TU) on input line 271.
LaTeX Encoding Info:    Redeclaring text command \textdownarrow (encoding TU) on input line 272.
LaTeX Encoding Info:    Redeclaring text command \textminus (encoding TU) on input line 273.
LaTeX Encoding Info:    Redeclaring text command \Hwithstroke (encoding TU) on input line 275.
LaTeX Encoding Info:    Redeclaring text command \hwithstroke (encoding TU) on input line 276.
LaTeX Encoding Info:    Redeclaring text command \textasteriskcentered (encoding TU) on input line 277.
LaTeX Encoding Info:    Redeclaring text command \textsurd (encoding TU) on input line 288.
LaTeX Encoding Info:    Redeclaring text command \textlangle (encoding TU) on input line 289.
LaTeX Encoding Info:    Redeclaring text command \textrangle (encoding TU) on input line 290.
LaTeX Encoding Info:    Redeclaring text command \textblank (encoding TU) on input line 291.
LaTeX Encoding Info:    Redeclaring text command \textvisiblespace (encoding TU) on input line 292.
LaTeX Encoding Info:    Redeclaring text command \textopenbullet (encoding TU) on input line 293.
LaTeX Encoding Info:    Redeclaring text command \textbigcircle (encoding TU) on input line 294.
LaTeX Encoding Info:    Redeclaring text command \textmusicalnote (encoding TU) on input line 295.
LaTeX Encoding Info:    Redeclaring text command \textmarried (encoding TU) on input line 296.
LaTeX Encoding Info:    Redeclaring text command \textdivorced (encoding TU) on input line 297.
LaTeX Encoding Info:    Redeclaring text command \textinterrobangdown (encoding TU) on input line 298.
LaTeX Encoding Info:    Redeclaring text command \` (encoding TU) on input line 299.
LaTeX Encoding Info:    Redeclaring text command \' (encoding TU) on input line 300.
LaTeX Encoding Info:    Redeclaring text command \^ (encoding TU) on input line 301.
LaTeX Encoding Info:    Redeclaring text command \~ (encoding TU) on input line 302.
LaTeX Encoding Info:    Redeclaring text command \= (encoding TU) on input line 303.
LaTeX Encoding Info:    Redeclaring text command \u (encoding TU) on input line 304.
LaTeX Encoding Info:    Redeclaring text command \. (encoding TU) on input line 305.
LaTeX Encoding Info:    Redeclaring text command \" (encoding TU) on input line 306.
LaTeX Encoding Info:    Redeclaring text command \r (encoding TU) on input line 307.
LaTeX Encoding Info:    Redeclaring text command \H (encoding TU) on input line 308.
LaTeX Encoding Info:    Redeclaring text command \v (encoding TU) on input line 309.
LaTeX Encoding Info:    Redeclaring text command \b (encoding TU) on input line 310.
LaTeX Encoding Info:    Redeclaring text command \d (encoding TU) on input line 311.
LaTeX Encoding Info:    Redeclaring text command \c (encoding TU) on input line 312.
LaTeX Encoding Info:    Redeclaring text command \k (encoding TU) on input line 313.
LaTeX Encoding Info:    Redeclaring text command \textcommabelow (encoding TU) on input line 314.
)
\Cht=\dimen259
\cht=\dimen260
\Cdp=\dimen261
\cdp=\dimen262
\Cwd=\dimen263
\cwd=\dimen264
\Cvs=\dimen265
\cvs=\dimen266
\Chs=\dimen267
\chs=\dimen268
\cHT=\dimen269
\dstrutbox=\box67
\tstrutbox=\box68
\zstrutbox=\box69
LaTeX Info: Redefining \strut on input line 71.
\ltj@@add@fenc@@inner=\luafunction61
\ltj@@add@kyenc@@inner=\luafunction62
\ltj@@add@ktenc@@inner=\luafunction63
\ltj@@is@kyenc@@inner=\luafunction64
\ltj@@is@ktenc@@inner=\luafunction65
\ltj@@is@kenc@@inner=\luafunction66
\ltj@@is@ffam@@inner=\luafunction67
\ltj@@add@ffam@@inner=\luafunction68
\ltj@@add@kfam@@inner=\luafunction69
\ltj@@adjust@baseline@inner=\luafunction70
LaTeX Info: Redefining \fontencoding on input line 573.
LaTeX Info: Redefining \fontfamily on input line 619.
LaTeX Info: Redefining \fontseries on input line 813.
LaTeX Info: Redefining \fontseriesforce on input line 814.
LaTeX Info: Redefining \fontshape on input line 822.
LaTeX Info: Redefining \fontshapeforce on input line 833.
\ltj@@jfont@@jfmonly@@inner=\luafunction71
\ltj@@does@alt@set@@inner=\luafunction72
\ltj@@cipath@clear@inner=\luafunction73
) (/cloud/home/r311224/.TinyTeX/texmf-dist/tex/luatex/luatexja/patches/lltjdefs.sty
Package: lltjdefs 2024-05-16 Default font settings of LuaTeX-ja
LaTeX Font Info:    Font shape `JT3/mc/m/n' will be
(Font)              scaled to size 9.6222pt on input line 69.
(/cloud/home/r311224/.TinyTeX/texmf-dist/tex/luatex/luatexja/jfm-ujisv.lua)
LaTeX Font Info:    Font shape `JY3/mc/m/n' will be
(Font)              scaled to size 9.6222pt on input line 69.
(load cache: extra_haranoajimincho-regular.luc)
(/cloud/home/r311224/.TinyTeX/texmf-dist/tex/luatex/luatexja/jfm-ujis.lua)
\symmincho=\mathgroup6
LaTeX Font Info:    Overwriting symbol font `mincho' in version `bold'
(Font)                  JY3/mc/m/n --> JY3/gt/m/n on input line 78.
) (/cloud/home/r311224/.TinyTeX/texmf-dist/tex/luatex/luatexja/patches/lltjcore.sty
Package: lltjcore 2025-06-12 Patch to LaTeX2e Kernel for LuaTeX-ja (for LaTeX2e >=2025-06-01)
\@tombowwidth=\dimen270
\@TL=\box70
\@Tl=\box71
\@TC=\box72
\@TR=\box73
\@Tr=\box74
\@BL=\box75
\@Bl=\box76
\@BC=\box77
\@BR=\box78
\@Br=\box79
\@CL=\box80
\@CR=\box81
(load cache: extra_lmmono9-regular.luc)
\@bannertoken=\toks33
\@@paperheight=\dimen271
\@@paperwidth=\dimen272
\@@topmargin=\dimen273
LaTeX Info: Redefining \underline on input line 300.
) (/cloud/home/r311224/.TinyTeX/texmf-dist/tex/luatex/luatexja/patches/lltjp-atbegshi.sty
Package: lltjp-atbegshi 2024-05-14 Patching \shipout hooks for LuaTeX-ja
\l__platex_shipout_dummy_box=\box82
) (/cloud/home/r311224/.TinyTeX/texmf-dist/tex/luatex/luatexja/patches/lltjp-fontspec.sty) (/cloud/home/r311224/.TinyTeX/texmf-dist/tex/luatex/luatexja/patches/lltjp-unicode-math.sty) (/cloud/home/r311224/.TinyTeX/texmf-dist/tex/luatex/luatexja/patches/lltjp-geometry.sty
Package: lltjp-geometry 2024-05-16 Patch to geometry for LuaTeX-ja with vertical writing mode
(/cloud/home/r311224/.TinyTeX/texmf-dist/tex/generic/iftex/ifluatex.sty
Package: ifluatex 2019/10/25 v1.5 ifluatex legacy package. Use iftex instead.
)))
\ltj@temp@cctb=\catcodetable18
) (/cloud/home/r311224/.TinyTeX/texmf-dist/tex/luatex/luatexja/luatexja-compat.sty
Package: luatexja-compat 2025-09-21 Compatibility with pTeX
(load cache: ltj-jisx0208.luc)
\hour=\count339
\minute=\count340
)) (/cloud/home/r311224/.TinyTeX/texmf-dist/tex/luatex/luatexja/addons/luatexja-preset.sty
Package: luatexja-preset 2025-10-26 Japanese font presets
\g__ltjpreset_applycount_int=\count341
(/cloud/home/r311224/.TinyTeX/texmf-dist/tex/luatex/luatexja/addons/luatexja-fontspec.sty
Package: luatexja-fontspec 2025-09-30 fontspec support of LuaTeX-ja
(load cache: extra_lmroman17-regular.luc)
LaTeX Font Info:    Font shape `JT3/mc/m/n' will be
(Font)              scaled to size 15.39551pt on input line 16.
LaTeX Font Info:    Font shape `JY3/mc/m/n' will be
(Font)              scaled to size 15.39551pt on input line 16.
(/cloud/home/r311224/.TinyTeX/texmf-dist/tex/luatex/luatexja/addons/luatexja-fontspec-29e.sty
Package: luatexja-fontspec-29e 2025-11-01 fontspec support of LuaTeX-ja
\g__ltj_fontspec_altnumber_int=\count342
))

Package luatexja-preset Warning: Japanese fonts will be scaled by
(luatexja-preset)                0.96221923828125.


Package luatexja-fontspec Warning: \addjfontfeature(s) ignored;
(luatexja-fontspec)                it cannot be used with a font that wasn't
(luatexja-fontspec)                selected by luatexja-fontspec.


Package fontspec Info: 
(fontspec)             HaranoAjiMincho-Regular scale = 0.96221923828125.


Package fontspec Info: 
(fontspec)             HaranoAjiMincho-Regular scale = 0.96221923828125.

LaTeX Font Info:    Font shape `JT3/mc/m/n' will be
(Font)              scaled to size 10.53629pt on input line 775.
LaTeX Font Info:    Font shape `JY3/mc/m/n' will be
(Font)              scaled to size 10.53629pt on input line 775.

Package fontspec Info: 
(fontspec)             HaranoAjiMincho-Regular scale = 0.96221923828125.

(load cache: extra_haranoajigothic-medium.luc)

Package fontspec Info: 
(fontspec)             HaranoAjiGothic-Medium scale = 0.96221923828125.


Package fontspec Info: 
(fontspec)             HaranoAjiGothic-Medium scale = 0.96221923828125.


Package fontspec Info: 
(fontspec)             Font family 'HaranoAjiMincho-Regular.otf(0)' created
(fontspec)             for font 'HaranoAjiMincho-Regular.otf' with options
(fontspec)             [YokoFeatures={JFM=ujis},TateFeatures={JFM=ujisv},Scale=0.96221923828125,Kerning=Off,Script=CJK,BoldFont=HaranoAjiGothic-Medium.otf,YokoFeatures={JFM=ujis},TateFeatures={JFM=ujisv},Script=CJK].
(fontspec)              
(fontspec)              This font family consists of the following NFSS
(fontspec)             series/shapes:
(fontspec)              

LaTeX Font Info:    Redeclaring symbol font `mincho' on input line 775.
LaTeX Font Info:    Overwriting symbol font `mincho' in version `normal'
(Font)                  JY3/mc/m/n --> JY3/HaranoAjiMincho-Regular.otf(0)/m/n on input line 775.
LaTeX Font Info:    Overwriting symbol font `mincho' in version `bold'
(Font)                  JY3/gt/m/n --> JY3/HaranoAjiMincho-Regular.otf(0)/m/n on input line 775.
LaTeX Font Info:    Overwriting symbol font `mincho' in version `bold'
(Font)                  JY3/HaranoAjiMincho-Regular.otf(0)/m/n --> JY3/HaranoAjiMincho-Regular.otf(0)/b/n on input line 775.
LaTeX Font Info:    Font shape `JT3/HaranoAjiMincho-Regular.otf(0)/m/n' will be
(Font)              scaled to size 9.6222pt on input line 775.
LaTeX Font Info:    Font shape `JY3/HaranoAjiMincho-Regular.otf(0)/m/n' will be
(Font)              scaled to size 9.6222pt on input line 775.

Package fontspec Info: 
(fontspec)             HaranoAjiGothic-Medium scale = 0.96221923828125.


Package fontspec Info: 
(fontspec)             HaranoAjiGothic-Medium scale = 0.96221923828125.

LaTeX Font Info:    Font shape `JT3/HaranoAjiMincho-Regular.otf(0)/m/n' will be
(Font)              scaled to size 10.53629pt on input line 775.
LaTeX Font Info:    Font shape `JY3/HaranoAjiMincho-Regular.otf(0)/m/n' will be
(Font)              scaled to size 10.53629pt on input line 775.

Package fontspec Info: 
(fontspec)             HaranoAjiGothic-Medium scale = 0.96221923828125.


Package fontspec Info: 
(fontspec)             HaranoAjiGothic-Medium scale = 0.96221923828125.


Package fontspec Info: 
(fontspec)             HaranoAjiGothic-Medium scale = 0.96221923828125.


Package fontspec Info: 
(fontspec)             Font family 'HaranoAjiGothic-Medium.otf(0)' created for
(fontspec)             font 'HaranoAjiGothic-Medium.otf' with options
(fontspec)             [YokoFeatures={JFM=ujis},TateFeatures={JFM=ujisv},Scale=0.96221923828125,Kerning=Off,Script=CJK,BoldFont=HaranoAjiGothic-Medium.otf,YokoFeatures={JFM=ujis},TateFeatures={JFM=ujisv},Script=CJK].
(fontspec)              
(fontspec)              This font family consists of the following NFSS
(fontspec)             series/shapes:
(fontspec)              

LaTeX Font Info:    Redeclaring math alphabet \mathgt on input line 775.
LaTeX Font Info:    Overwriting math alphabet `\mathgt' in version `normal'
(Font)                  JY3/gt/m/n --> JY3/HaranoAjiGothic-Medium.otf(0)/m/n on input line 775.
LaTeX Font Info:    Overwriting math alphabet `\mathgt' in version `bold'
(Font)                  JY3/gt/m/n --> JY3/HaranoAjiGothic-Medium.otf(0)/m/n on input line 775.
)
luaotfload | cache : Lookup cache loaded from /cloud/home/r311224/.TinyTeX/texmf-var/luatex-cache/generic/names/luaotfload-lookup-cache.luc.(load cache: extra_texgyretermes-regular.luc)

Package fontspec Info: 
(fontspec)             TeX Gyre Termes scale = 0.9577739875827788.


Package fontspec Info: 
(fontspec)             TeX Gyre Termes scale = 1.

(load cache: extra_texgyretermes-bolditalic.luc)(load cache: extra_texgyretermes-bold.luc)(load cache: extra_texgyretermes-italic.luc)

Package fontspec Info: 
(fontspec)             TeX Gyre Termes scale = 0.9577739875827788.


Package fontspec Info: 
(fontspec)             TeX Gyre Termes scale = 1.


Package fontspec Info: 
(fontspec)             TeX Gyre Termes scale = 0.9577739875827788.


Package fontspec Info: 
(fontspec)             TeX Gyre Termes scale = 1.


Package fontspec Info: 
(fontspec)             TeX Gyre Termes/B scale = 0.9349203301977347.


Package fontspec Info: 
(fontspec)             TeX Gyre Termes/B scale = 1.


Package fontspec Info: 
(fontspec)             TeX Gyre Termes/B scale = 0.9349203301977347.


Package fontspec Info: 
(fontspec)             TeX Gyre Termes/B scale = 1.


Package fontspec Info: 
(fontspec)             TeX Gyre Termes/I scale = 0.9976829285522542.


Package fontspec Info: 
(fontspec)             TeX Gyre Termes/I scale = 1.


Package fontspec Info: 
(fontspec)             TeX Gyre Termes/I scale = 0.9976829285522542.


Package fontspec Info: 
(fontspec)             TeX Gyre Termes/I scale = 1.


Package fontspec Info: 
(fontspec)             TeX Gyre Termes/BI scale = 0.9599059328888255.


Package fontspec Info: 
(fontspec)             TeX Gyre Termes/BI scale = 1.


Package fontspec Info: 
(fontspec)             TeX Gyre Termes/BI scale = 0.9599059328888255.


Package fontspec Info: 
(fontspec)             TeX Gyre Termes/BI scale = 1.


Package fontspec Info: 
(fontspec)             Font family 'TeXGyreTermes(0)' created for font 'TeX
(fontspec)             Gyre Termes' with options
(fontspec)             [Scale=MatchLowercase,Ligatures=TeX,Scale=1].
(fontspec)              
(fontspec)              This font family consists of the following NFSS
(fontspec)             series/shapes:
(fontspec)              
(fontspec)             - 'normal' (m/n) with NFSS spec.: <->s*[1]"name:TeX
(fontspec)             Gyre Termes:mode=node;script=latn;language=dflt;+tlig;"
(fontspec)             - 'small caps'  (m/sc) with NFSS spec.:
(fontspec)             <->s*[1]"name:TeX Gyre
(fontspec)             Termes:mode=node;script=latn;language=dflt;+tlig;+smcp;"
(fontspec)             - 'bold' (b/n) with NFSS spec.: <->s*[1]"name:TeX Gyre
(fontspec)             Termes/B:mode=node;script=latn;language=dflt;+tlig;"
(fontspec)             - 'bold small caps'  (b/sc) with NFSS spec.:
(fontspec)             <->s*[1]"name:TeX Gyre
(fontspec)             Termes/B:mode=node;script=latn;language=dflt;+tlig;+smcp;"
(fontspec)             - 'italic' (m/it) with NFSS spec.: <->s*[1]"name:TeX
(fontspec)             Gyre
(fontspec)             Termes/I:mode=node;script=latn;language=dflt;+tlig;"
(fontspec)             - 'italic small caps'  (m/scit) with NFSS spec.:
(fontspec)             <->s*[1]"name:TeX Gyre
(fontspec)             Termes/I:mode=node;script=latn;language=dflt;+tlig;+smcp;"
(fontspec)             - 'bold italic' (b/it) with NFSS spec.:
(fontspec)             <->s*[1]"name:TeX Gyre
(fontspec)             Termes/BI:mode=node;script=latn;language=dflt;+tlig;"
(fontspec)             - 'bold italic small caps'  (b/scit) with NFSS spec.:
(fontspec)             <->s*[1]"name:TeX Gyre
(fontspec)             Termes/BI:mode=node;script=latn;language=dflt;+tlig;+smcp;"

LaTeX Font Info:    Font shape `TU/TeXGyreTermes(0)/m/n' will be
(Font)              scaled to size 10.0pt on input line 131.

Package fontspec Info: 
(fontspec)             TeX Gyre Termes scale = 0.999996609169484.


Package fontspec Info: 
(fontspec)             TeX Gyre Termes scale = 0.999996609169484.


Package fontspec Info: 
(fontspec)             TeX Gyre Termes scale = 0.999996609169484.


Package fontspec Info: 
(fontspec)             TeX Gyre Termes/B scale = 0.9761354684531414.


Package fontspec Info: 
(fontspec)             TeX Gyre Termes/B scale = 0.9761354684531414.


Package fontspec Info: 
(fontspec)             TeX Gyre Termes/I scale = 1.041664900606112.


Package fontspec Info: 
(fontspec)             TeX Gyre Termes/I scale = 1.041664900606112.


Package fontspec Info: 
(fontspec)             TeX Gyre Termes/BI scale = 1.002222539404196.


Package fontspec Info: 
(fontspec)             TeX Gyre Termes/BI scale = 1.002222539404196.


Package fontspec Info: 
(fontspec)             Font family 'TeXGyreTermes(1)' created for font 'TeX
(fontspec)             Gyre Termes' with options
(fontspec)             [Scale=MatchLowercase,Renderer=Basic].
(fontspec)              
(fontspec)              This font family consists of the following NFSS
(fontspec)             series/shapes:
(fontspec)              
(fontspec)             - 'normal' (m/n) with NFSS spec.:
(fontspec)             <->s*[0.999996609169484]"name:TeX Gyre
(fontspec)             Termes:mode=base;script=latn;language=dflt;"
(fontspec)             - 'small caps'  (m/sc) with NFSS spec.:
(fontspec)             <->s*[0.999996609169484]"name:TeX Gyre
(fontspec)             Termes:mode=base;script=latn;language=dflt;+smcp;"
(fontspec)             - 'bold' (b/n) with NFSS spec.:
(fontspec)             <->s*[0.9761354684531414]"name:TeX Gyre
(fontspec)             Termes/B:mode=base;script=latn;language=dflt;"
(fontspec)             - 'bold small caps'  (b/sc) with NFSS spec.:
(fontspec)             <->s*[0.9761354684531414]"name:TeX Gyre
(fontspec)             Termes/B:mode=base;script=latn;language=dflt;+smcp;"
(fontspec)             - 'italic' (m/it) with NFSS spec.:
(fontspec)             <->s*[1.041664900606112]"name:TeX Gyre
(fontspec)             Termes/I:mode=base;script=latn;language=dflt;"
(fontspec)             - 'italic small caps'  (m/scit) with NFSS spec.:
(fontspec)             <->s*[1.041664900606112]"name:TeX Gyre
(fontspec)             Termes/I:mode=base;script=latn;language=dflt;+smcp;"
(fontspec)             - 'bold italic' (b/it) with NFSS spec.:
(fontspec)             <->s*[1.002222539404196]"name:TeX Gyre
(fontspec)             Termes/BI:mode=base;script=latn;language=dflt;"
(fontspec)             - 'bold italic small caps'  (b/scit) with NFSS spec.:
(fontspec)             <->s*[1.002222539404196]"name:TeX Gyre
(fontspec)             Termes/BI:mode=base;script=latn;language=dflt;+smcp;"

LaTeX Font Info:    Overwriting math alphabet `\mathrm' in version `normal'
(Font)                  OT1/lmr/m/n --> TU/TeXGyreTermes(1)/m/n on input line 131.
LaTeX Font Info:    Overwriting math alphabet `\mathit' in version `normal'
(Font)                  OT1/lmr/m/it --> TU/TeXGyreTermes(1)/m/it on input line 131.
LaTeX Font Info:    Overwriting math alphabet `\mathbf' in version `normal'
(Font)                  OT1/lmr/bx/n --> TU/TeXGyreTermes(1)/b/n on input line 131.
(/cloud/home/r311224/.TinyTeX/texmf-dist/tex/latex/pdflscape/pdflscape.sty
Package: pdflscape 2025-06-23 v0.14 Display of landscape pages in PDF
(/cloud/home/r311224/.TinyTeX/texmf-dist/tex/latex/pdflscape/pdflscape-nometadata.sty
Package: pdflscape-nometadata 2025-06-23 v0.14 Display of landscape pages in PDF (HO)
(/cloud/home/r311224/.TinyTeX/texmf-dist/tex/latex/graphics/lscape.sty
Package: lscape 2020/05/28 v3.02 Landscape Pages (DPC)
)
Package pdflscape Info: Auto-detected driver: pdftex on input line 81.
))

Class scrartcl Warning: Usage of package `titlesec' together
(scrartcl)              with a KOMA-Script class is not recommended.
(scrartcl)              I'd suggest to use KOMA-Script features
(scrartcl)              like \setkomafont, \RedeclareSectionCommand, \sectionlinesformat
(scrartcl)              and several others to re-configure section
(scrartcl)              headings.
(scrartcl)              Nevertheless, using requested
(scrartcl)              package `titlesec' on input line 138.

(/cloud/home/r311224/.TinyTeX/texmf-dist/tex/latex/titlesec/titlesec.sty
Package: titlesec 2025/01/04 v2.17 Sectioning titles
\ttl@box=\box83
\beforetitleunit=\skip80
\aftertitleunit=\skip81
\ttl@plus=\dimen274
\ttl@minus=\dimen275
\ttl@toksa=\toks34
\titlewidth=\dimen276
\titlewidthlast=\dimen277
\titlewidthfirst=\dimen278

Package titlesec Warning: Non standard sectioning command \section
(titlesec)                detected. Using default spacing and no format.


Package titlesec Warning: Non standard sectioning command \subsection
(titlesec)                detected. Using default spacing and no format.


Package titlesec Warning: Non standard sectioning command \subsubsection
(titlesec)                detected. Using default spacing and no format.


Package titlesec Warning: Non standard sectioning command \paragraph
(titlesec)                detected. Using default spacing and no format.


Package titlesec Warning: Non standard sectioning command \subparagraph
(titlesec)                detected. Using default spacing and no format.

)
\headingafter=\skip82
(/cloud/home/r311224/.TinyTeX/texmf-dist/tex/latex/float/float.sty
Package: float 2001/11/08 v1.3d Float enhancements (AL)
\c@float@type=\count343
\float@exts=\toks35
\float@box=\box84
\@float@everytoks=\toks36
\@floatcapt=\box85
)
\@float@every@codelisting=\toks37
\c@codelisting=\count344
(/cloud/home/r311224/.TinyTeX/texmf-dist/tex/latex/caption/subcaption.sty
Package: subcaption 2023/07/28 v1.6b Sub-captions (AR)
Package caption Info: New subtype `subfigure' on input line 238.
\c@subfigure=\count345
Package caption Info: New subtype `subtable' on input line 238.
\c@subtable=\count346
) (/cloud/home/r311224/.TinyTeX/texmf-dist/tex/latex/bookmark/bookmark.sty
Package: bookmark 2023-12-10 v1.31 PDF bookmarks (HO)
(/cloud/home/r311224/.TinyTeX/texmf-dist/tex/latex/hyperref/hyperref.sty
Package: hyperref 2025-07-12 v7.01o Hypertext links for LaTeX
(/cloud/home/r311224/.TinyTeX/texmf-dist/tex/latex/kvsetkeys/kvsetkeys.sty
Package: kvsetkeys 2022-10-05 v1.19 Key value parser (HO)
) (/cloud/home/r311224/.TinyTeX/texmf-dist/tex/generic/kvdefinekeys/kvdefinekeys.sty
Package: kvdefinekeys 2019-12-19 v1.6 Define keys (HO)
) (/cloud/home/r311224/.TinyTeX/texmf-dist/tex/generic/pdfescape/pdfescape.sty
Package: pdfescape 2019/12/09 v1.15 Implements pdfTeX's escape features (HO)
) (/cloud/home/r311224/.TinyTeX/texmf-dist/tex/latex/hycolor/hycolor.sty
Package: hycolor 2020-01-27 v1.10 Color options for hyperref/bookmark (HO)
) (/cloud/home/r311224/.TinyTeX/texmf-dist/tex/latex/hyperref/nameref.sty
Package: nameref 2025-06-21 v2.57 Cross-referencing by name of section
(/cloud/home/r311224/.TinyTeX/texmf-dist/tex/latex/refcount/refcount.sty
Package: refcount 2019/12/15 v3.6 Data extraction from label references (HO)
) (/cloud/home/r311224/.TinyTeX/texmf-dist/tex/generic/gettitlestring/gettitlestring.sty
Package: gettitlestring 2019/12/15 v1.6 Cleanup title references (HO)
(/cloud/home/r311224/.TinyTeX/texmf-dist/tex/latex/kvoptions/kvoptions.sty
Package: kvoptions 2022-06-15 v3.15 Key value format for package options (HO)
))
\c@section@level=\count347
) (/cloud/home/r311224/.TinyTeX/texmf-dist/tex/generic/stringenc/stringenc.sty
Package: stringenc 2019/11/29 v1.12 Convert strings between diff. encodings (HO)
)
\@linkdim=\dimen279
\Hy@linkcounter=\count348
\Hy@pagecounter=\count349
(/cloud/home/r311224/.TinyTeX/texmf-dist/tex/latex/hyperref/pd1enc.def
File: pd1enc.def 2025-07-12 v7.01o Hyperref: PDFDocEncoding definition (HO)
) (/cloud/home/r311224/.TinyTeX/texmf-dist/tex/generic/intcalc/intcalc.sty
Package: intcalc 2019/12/15 v1.3 Expandable calculations with integers (HO)
)
\Hy@SavedSpaceFactor=\count350
(/cloud/home/r311224/.TinyTeX/texmf-dist/tex/latex/hyperref/puenc.def
File: puenc.def 2025-07-12 v7.01o Hyperref: PDF Unicode definition (HO)
)
Package hyperref Info: Option `unicode' set `true' on input line 4066.
Package hyperref Info: Hyper figures OFF on input line 4195.
Package hyperref Info: Link nesting OFF on input line 4200.
Package hyperref Info: Hyper index ON on input line 4203.
Package hyperref Info: Plain pages OFF on input line 4210.
Package hyperref Info: Backreferencing OFF on input line 4215.
Package hyperref Info: Implicit mode ON; LaTeX internals redefined.
Package hyperref Info: Bookmarks ON on input line 4462.
\c@Hy@tempcnt=\count351
(/cloud/home/r311224/.TinyTeX/texmf-dist/tex/latex/url/url.sty
\Urlmuskip=\muskip19
Package: url 2013/09/16  ver 3.4  Verb mode for urls, etc.
)
LaTeX Info: Redefining \url on input line 4801.
\XeTeXLinkMargin=\dimen280
(/cloud/home/r311224/.TinyTeX/texmf-dist/tex/generic/bitset/bitset.sty
Package: bitset 2019/12/09 v1.3 Handle bit-vector datatype (HO)
(/cloud/home/r311224/.TinyTeX/texmf-dist/tex/generic/bigintcalc/bigintcalc.sty
Package: bigintcalc 2019/12/15 v1.5 Expandable calculations on big integers (HO)
))
\Fld@menulength=\count352
\Field@Width=\dimen281
\Fld@charsize=\dimen282
Package hyperref Info: Hyper figures OFF on input line 6078.
Package hyperref Info: Link nesting OFF on input line 6083.
Package hyperref Info: Hyper index ON on input line 6086.
Package hyperref Info: backreferencing OFF on input line 6093.
Package hyperref Info: Link coloring OFF on input line 6098.
Package hyperref Info: Link coloring with OCG OFF on input line 6103.
Package hyperref Info: PDF/A mode OFF on input line 6108.
\Hy@abspage=\count353
\c@Item=\count354
\c@Hfootnote=\count355
)
Package hyperref Info: Driver (autodetected): hluatex.
(/cloud/home/r311224/.TinyTeX/texmf-dist/tex/latex/hyperref/hluatex.def
File: hluatex.def 2025-07-12 v7.01o Hyperref driver for luaTeX
\Fld@listcount=\count356
\c@bookmark@seq@number=\count357
(/cloud/home/r311224/.TinyTeX/texmf-dist/tex/latex/rerunfilecheck/rerunfilecheck.sty
Package: rerunfilecheck 2025-06-21 v1.11 Rerun checks for auxiliary files (HO)
(/cloud/home/r311224/.TinyTeX/texmf-dist/tex/generic/uniquecounter/uniquecounter.sty
Package: uniquecounter 2019/12/15 v1.4 Provide unlimited unique counter (HO)
)
Package uniquecounter Info: New unique counter `rerunfilecheck' on input line 284.
)
\Hy@SectionHShift=\skip83
) (/cloud/home/r311224/.TinyTeX/texmf-dist/tex/latex/bookmark/bkm-pdftex.def
File: bkm-pdftex.def 2023-12-10 v1.31 bookmark driver for pdfTeX and luaTeX (HO)
\BKM@id=\count358
))
Package hyperref Info: Option `colorlinks' set `true' on input line 226.
(/cloud/home/r311224/.TinyTeX/texmf-dist/tex/luatex/luatexja/patches/lltjp-array.sty
Package: lltjp-array 2024-07-21 Patch to array for LuaTeX-ja
)
No file Report-document-for-ATE20251116.aux.

\openout1 = Report-document-for-ATE20251116.aux
LaTeX Font Info:    Checking defaults for OML/cmm/m/it on input line 232.
LaTeX Font Info:    ... okay on input line 232.
LaTeX Font Info:    Checking defaults for OMS/cmsy/m/n on input line 232.
LaTeX Font Info:    ... okay on input line 232.
LaTeX Font Info:    Checking defaults for OT1/cmr/m/n on input line 232.
LaTeX Font Info:    ... okay on input line 232.
LaTeX Font Info:    Checking defaults for T1/cmr/m/n on input line 232.
LaTeX Font Info:    ... okay on input line 232.
LaTeX Font Info:    Checking defaults for TS1/cmr/m/n on input line 232.
LaTeX Font Info:    ... okay on input line 232.
LaTeX Font Info:    Checking defaults for TU/lmr/m/n on input line 232.
LaTeX Font Info:    ... okay on input line 232.
LaTeX Font Info:    Checking defaults for OMX/cmex/m/n on input line 232.
LaTeX Font Info:    ... okay on input line 232.
LaTeX Font Info:    Checking defaults for U/cmr/m/n on input line 232.
LaTeX Font Info:    ... okay on input line 232.
LaTeX Font Info:    Checking defaults for JY3/mc/m/n on input line 232.
LaTeX Font Info:    ... okay on input line 232.
LaTeX Font Info:    Checking defaults for JT3/mc/m/n on input line 232.
LaTeX Font Info:    ... okay on input line 232.
LaTeX Font Info:    Checking defaults for PD1/pdf/m/n on input line 232.
LaTeX Font Info:    ... okay on input line 232.
LaTeX Font Info:    Checking defaults for PU/pdf/m/n on input line 232.
LaTeX Font Info:    ... okay on input line 232.
LaTeX Font Info:    Font shape `TU/TeXGyreTermes(0)/m/n' will be
(Font)              scaled to size 10.95pt on input line 232.
Package scrbase Info: activating japanese \abstractname on input line 232.
Package scrbase Info: activating japanese \partname on input line 232.
Package scrbase Info: activating japanese \figurename on input line 232.
Package scrbase Info: activating japanese \tablename on input line 232.
Package scrbase Info: activating japanese \contentsname on input line 232.
Package scrbase Info: activating japanese \listfigurename on input line 232.
Package scrbase Info: activating japanese \listtablename on input line 232.
Package scrbase Info: activating japanese \refname on input line 232.
Package scrbase Info: activating japanese \indexname on input line 232.
(/cloud/home/r311224/.TinyTeX/texmf-dist/tex/latex/epstopdf-pkg/epstopdf-base.sty
Package: epstopdf-base 2020-01-24 v2.11 Base part for package epstopdf
Package epstopdf-base Info: Redefining graphics rule for `.eps' on input line 485.
(/cloud/home/r311224/.TinyTeX/texmf-dist/tex/latex/latexconfig/epstopdf-sys.cfg
File: epstopdf-sys.cfg 2010/07/13 v1.3 Configuration of (r)epstopdf for TeX Live
))
*geometry* driver: auto-detecting
*geometry* detected driver: luatex
*geometry* verbose mode - [ preamble ] result:
* driver: luatex
* paper: letterpaper
* layout: <same size as paper>
* layoutoffset:(h,v)=(0.0pt,0.0pt)
* modes: 
* h-part:(L,W,R)=(56.9055pt, 500.484pt, 56.9055pt)
* v-part:(T,H,B)=(71.13188pt, 652.70622pt, 71.13188pt)
* \paperwidth=614.295pt
* \paperheight=794.96999pt
* \textwidth=500.484pt
* \textheight=652.70622pt
* \oddsidemargin=-15.36449pt
* \evensidemargin=-15.36449pt
* \topmargin=-38.53812pt
* \headheight=17.0pt
* \headsep=20.40001pt
* \topskip=11.0pt
* \footskip=47.6pt
* \marginparwidth=55.84499pt
* \marginparsep=12.8401pt
* \columnsep=10.0pt
* \skip\footins=10.0pt plus 4.0pt minus 2.0pt
* \hoffset=0.0pt
* \voffset=0.0pt
* \mag=1000
* \@twocolumnfalse
* \@twosidefalse
* \@mparswitchfalse
* \@reversemarginfalse
* (1in=72.27pt=25.4mm, 1cm=28.453pt)

LaTeX Font Info:    Overwriting math alphabet `\mathsf' in version `normal'
(Font)                  OT1/lmss/m/n --> TU/lmss/m/n on input line 232.
LaTeX Font Info:    Overwriting math alphabet `\mathsf' in version `bold'
(Font)                  OT1/lmss/bx/n --> TU/lmss/b/n on input line 232.
LaTeX Font Info:    Overwriting math alphabet `\mathtt' in version `normal'
(Font)                  OT1/lmtt/m/n --> TU/lmtt/m/n on input line 232.
LaTeX Font Info:    Overwriting math alphabet `\mathtt' in version `bold'
(Font)                  OT1/lmtt/m/n --> TU/lmtt/b/n on input line 232.
(load cache: extra_latinmodernmath-regular.luc)

Package fontspec Info: 
(fontspec)             latinmodern-math scale = 1.044080893645225.


Package fontspec Info: 
(fontspec)             latinmodern-math scale = 1.044080893645225.


Package fontspec Info: 
(fontspec)             latinmodern-math scale = 1.044080893645225.


Package fontspec Info: 
(fontspec)             Font family 'latinmodern-math.otf(0)' created for font
(fontspec)             'latinmodern-math.otf' with options
(fontspec)             [Scale=MatchLowercase,Renderer=Basic,BoldItalicFont={},ItalicFont={},SmallCapsFont={},Script=Math,RawFeature={mathfontdimen=xetex},BoldFont={latinmodern-math.otf}].
(fontspec)              
(fontspec)              This font family consists of the following NFSS
(fontspec)             series/shapes:
(fontspec)              
(fontspec)             - 'normal' (m/n) with NFSS spec.:
(fontspec)             <->s*[1.044080893645225]"[latinmodern-math.otf]:mode=base;script=math;language=dflt;mathfontdimen=xetex;"
(fontspec)             - 'bold' (b/n) with NFSS spec.:
(fontspec)             <->s*[1.044080893645225]"[latinmodern-math.otf]:mode=base;script=math;language=dflt;mathfontdimen=xetex;"

LaTeX Font Info:    Font shape `TU/latinmodern-math.otf(0)/m/n' will be
(Font)              scaled to size 11.4327pt on input line 232.

Package fontspec Info: 
(fontspec)             latinmodern-math scale = 1.044080893645225.


Package fontspec Info: 
(fontspec)             latinmodern-math scale = 1.044080893645225.


Package fontspec Info: 
(fontspec)             latinmodern-math scale = 1.044080893645225.


Package fontspec Info: 
(fontspec)             latinmodern-math scale = 1.044080893645225.


Package fontspec Info: 
(fontspec)             latinmodern-math scale = 1.044080893645225.


Package fontspec Info: 
(fontspec)             Font family 'latinmodern-math.otf(1)' created for font
(fontspec)             'latinmodern-math.otf' with options
(fontspec)             [Scale=MatchLowercase,Renderer=Basic,BoldItalicFont={},ItalicFont={},SmallCapsFont={},Script=Math,SizeFeatures={{Size=9.3075-},{Size=6.57-9.3075,Font=latinmodern-math.otf,Style=MathScript},{Size=-6.57,Font=latinmodern-math.otf,Style=MathScriptScript}},RawFeature={mathfontdimen=xetex},BoldFont={latinmodern-math.otf}].
(fontspec)              
(fontspec)              This font family consists of the following NFSS
(fontspec)             series/shapes:
(fontspec)              
(fontspec)             - 'normal' (m/n) with NFSS spec.:
(fontspec)             <9.3075->s*[1.044080893645225]"[latinmodern-math.otf]:mode=base;script=math;language=dflt;mathfontdimen=xetex;"<6.57-9.3075>s*[1.044080893645225]"[latinmodern-math.otf]:mode=base;script=math;language=dflt;mathfontdimen=xetex;+ssty=0;"<-6.57>s*[1.044080893645225]"[latinmodern-math.otf]:mode=base;script=math;language=dflt;mathfontdimen=xetex;+ssty=1;"
(fontspec)             - 'bold' (b/n) with NFSS spec.:
(fontspec)             <->s*[1.044080893645225]"[latinmodern-math.otf]:mode=base;script=math;language=dflt;mathfontdimen=xetex;"

LaTeX Font Info:    Font shape `TU/latinmodern-math.otf(1)/m/n' will be
(Font)              scaled to size 11.4327pt on input line 232.
LaTeX Font Info:    Encoding `OT1' has changed to `TU' for symbol font
(Font)              `operators' in the math version `normal' on input line 232.
LaTeX Font Info:    Overwriting symbol font `operators' in version `normal'
(Font)                  OT1/lmr/m/n --> TU/latinmodern-math.otf(1)/m/n on input line 232.
LaTeX Font Info:    Encoding `OT1' has changed to `TU' for symbol font
(Font)              `operators' in the math version `bold' on input line 232.
LaTeX Font Info:    Overwriting symbol font `operators' in version `bold'
(Font)                  OT1/lmr/bx/n --> TU/latinmodern-math.otf(1)/b/n on input line 232.

Package fontspec Info: 
(fontspec)             latinmodern-math scale = 1.044080893645225.


Package fontspec Info: 
(fontspec)             latinmodern-math scale = 1.044080893645225.


Package fontspec Info: 
(fontspec)             latinmodern-math scale = 1.044080893645225.


Package fontspec Info: 
(fontspec)             latinmodern-math scale = 1.044080893645225.


Package fontspec Info: 
(fontspec)             latinmodern-math scale = 1.044080893645225.


Package fontspec Info: 
(fontspec)             Font family 'latinmodern-math.otf(2)' created for font
(fontspec)             'latinmodern-math.otf' with options
(fontspec)             [Scale=MatchLowercase,Renderer=Basic,BoldItalicFont={},ItalicFont={},SmallCapsFont={},Script=Math,SizeFeatures={{Size=9.3075-},{Size=6.57-9.3075,Font=latinmodern-math.otf,Style=MathScript},{Size=-6.57,Font=latinmodern-math.otf,Style=MathScriptScript}},RawFeature={mathfontdimen=xetex},BoldFont={latinmodern-math.otf},RawFeature={mathfontdimen=tex2}].
(fontspec)              
(fontspec)              This font family consists of the following NFSS
(fontspec)             series/shapes:
(fontspec)              
(fontspec)             - 'normal' (m/n) with NFSS spec.:
(fontspec)             <9.3075->s*[1.044080893645225]"[latinmodern-math.otf]:mode=base;script=math;language=dflt;mathfontdimen=xetex;mathfontdimen=tex2;"<6.57-9.3075>s*[1.044080893645225]"[latinmodern-math.otf]:mode=base;script=math;language=dflt;mathfontdimen=xetex;mathfontdimen=tex2;+ssty=0;"<-6.57>s*[1.044080893645225]"[latinmodern-math.otf]:mode=base;script=math;language=dflt;mathfontdimen=xetex;mathfontdimen=tex2;+ssty=1;"
(fontspec)             - 'bold' (b/n) with NFSS spec.:
(fontspec)             <->s*[1.044080893645225]"[latinmodern-math.otf]:mode=base;script=math;language=dflt;mathfontdimen=xetex;mathfontdimen=tex2;"

LaTeX Font Info:    Encoding `OMS' has changed to `TU' for symbol font
(Font)              `symbols' in the math version `normal' on input line 232.
LaTeX Font Info:    Overwriting symbol font `symbols' in version `normal'
(Font)                  OMS/lmsy/m/n --> TU/latinmodern-math.otf(2)/m/n on input line 232.
LaTeX Font Info:    Encoding `OMS' has changed to `TU' for symbol font
(Font)              `symbols' in the math version `bold' on input line 232.
LaTeX Font Info:    Overwriting symbol font `symbols' in version `bold'
(Font)                  OMS/lmsy/b/n --> TU/latinmodern-math.otf(2)/b/n on input line 232.

Package fontspec Info: 
(fontspec)             latinmodern-math scale = 1.044080893645225.


Package fontspec Info: 
(fontspec)             latinmodern-math scale = 1.044080893645225.


Package fontspec Info: 
(fontspec)             latinmodern-math scale = 1.044080893645225.


Package fontspec Info: 
(fontspec)             latinmodern-math scale = 1.044080893645225.


Package fontspec Info: 
(fontspec)             latinmodern-math scale = 1.044080893645225.


Package fontspec Info: 
(fontspec)             Font family 'latinmodern-math.otf(3)' created for font
(fontspec)             'latinmodern-math.otf' with options
(fontspec)             [Scale=MatchLowercase,Renderer=Basic,BoldItalicFont={},ItalicFont={},SmallCapsFont={},Script=Math,SizeFeatures={{Size=9.3075-},{Size=6.57-9.3075,Font=latinmodern-math.otf,Style=MathScript},{Size=-6.57,Font=latinmodern-math.otf,Style=MathScriptScript}},RawFeature={mathfontdimen=xetex},BoldFont={latinmodern-math.otf},RawFeature={mathfontdimen=tex3}].
(fontspec)              
(fontspec)              This font family consists of the following NFSS
(fontspec)             series/shapes:
(fontspec)              
(fontspec)             - 'normal' (m/n) with NFSS spec.:
(fontspec)             <9.3075->s*[1.044080893645225]"[latinmodern-math.otf]:mode=base;script=math;language=dflt;mathfontdimen=xetex;mathfontdimen=tex3;"<6.57-9.3075>s*[1.044080893645225]"[latinmodern-math.otf]:mode=base;script=math;language=dflt;mathfontdimen=xetex;mathfontdimen=tex3;+ssty=0;"<-6.57>s*[1.044080893645225]"[latinmodern-math.otf]:mode=base;script=math;language=dflt;mathfontdimen=xetex;mathfontdimen=tex3;+ssty=1;"
(fontspec)             - 'bold' (b/n) with NFSS spec.:
(fontspec)             <->s*[1.044080893645225]"[latinmodern-math.otf]:mode=base;script=math;language=dflt;mathfontdimen=xetex;mathfontdimen=tex3;"

LaTeX Font Info:    Encoding `OMX' has changed to `TU' for symbol font
(Font)              `largesymbols' in the math version `normal' on input line 232.
LaTeX Font Info:    Overwriting symbol font `largesymbols' in version `normal'
(Font)                  OMX/lmex/m/n --> TU/latinmodern-math.otf(3)/m/n on input line 232.
LaTeX Font Info:    Encoding `OMX' has changed to `TU' for symbol font
(Font)              `largesymbols' in the math version `bold' on input line 232.
LaTeX Font Info:    Overwriting symbol font `largesymbols' in version `bold'
(Font)                  OMX/lmex/m/n --> TU/latinmodern-math.otf(3)/b/n on input line 232.
LaTeX Font Info:    Font shape `TU/latinmodern-math.otf(1)/m/n' will be
(Font)              scaled to size 8.00288pt on input line 232.
LaTeX Font Info:    Font shape `TU/latinmodern-math.otf(1)/m/n' will be
(Font)              scaled to size 5.71635pt on input line 232.
LaTeX Font Info:    Trying loading font information for OML+lmm on input line 232.
(/cloud/home/r311224/.TinyTeX/texmf-dist/tex/latex/lm/omllmm.fd
File: omllmm.fd 2015/05/01 v1.6.1 Font defs for Latin Modern
)
LaTeX Font Info:    Font shape `TU/latinmodern-math.otf(2)/m/n' will be
(Font)              scaled to size 11.4327pt on input line 232.
LaTeX Font Info:    Font shape `TU/latinmodern-math.otf(2)/m/n' will be
(Font)              scaled to size 8.00288pt on input line 232.
LaTeX Font Info:    Font shape `TU/latinmodern-math.otf(2)/m/n' will be
(Font)              scaled to size 5.71635pt on input line 232.
LaTeX Font Info:    Font shape `TU/latinmodern-math.otf(3)/m/n' will be
(Font)              scaled to size 11.4327pt on input line 232.
LaTeX Font Info:    Font shape `TU/latinmodern-math.otf(3)/m/n' will be
(Font)              scaled to size 8.00288pt on input line 232.
LaTeX Font Info:    Font shape `TU/latinmodern-math.otf(3)/m/n' will be
(Font)              scaled to size 5.71635pt on input line 232.
LaTeX Font Info:    Trying loading font information for U+msa on input line 232.
(/cloud/home/r311224/.TinyTeX/texmf-dist/tex/latex/amsfonts/umsa.fd
File: umsa.fd 2013/01/14 v3.01 AMS symbols A
)
LaTeX Font Info:    Trying loading font information for U+msb on input line 232.
(/cloud/home/r311224/.TinyTeX/texmf-dist/tex/latex/amsfonts/umsb.fd
File: umsb.fd 2013/01/14 v3.01 AMS symbols B
)
LaTeX Font Info:    Font shape `JY3/HaranoAjiMincho-Regular.otf(0)/m/n' will be
(Font)              scaled to size 7.3754pt on input line 232.
LaTeX Font Info:    Font shape `JY3/HaranoAjiMincho-Regular.otf(0)/m/n' will be
(Font)              scaled to size 5.26814pt on input line 232.
Removing  `ltj.adjust_icflag' from `hpack_filter'.
Removing  `ltj.set_stack_level' from `hpack_filter'.
Removing  `Babel.pre_otfload_h' from `hpack_filter'.
Removing  `luaotfload.node_processor' from `hpack_filter'.
Removing  `ltj.main' from `hpack_filter'.
Removing  `luaotfload.harf.finalize_hlist' from `hpack_filter'.
Removing  `ltj.create_dir_whatsit' from `hpack_filter'.
Inserting `Babel.math_box_dir' in `hpack_filter'.
Inserting `ltj.adjust_icflag' in `hpack_filter'.
Inserting `ltj.set_stack_level' in `hpack_filter'.
Inserting `Babel.pre_otfload_h' in `hpack_filter'.
Inserting `luaotfload.node_processor' in `hpack_filter'.
Inserting `ltj.main' in `hpack_filter'.
Inserting `luaotfload.harf.finalize_hlist' in `hpack_filter'.
Inserting `ltj.create_dir_whatsit' in `hpack_filter'.
Inserting `Babel.unset_atdir' in `pre_linebreak_filter'.
Inserting `Babel.unset_atdir' in `hpack_filter'.
Package caption Info: Begin \AtBeginDocument code.
Package caption Info: float package is loaded.
Package caption Info: hyperref package is loaded.
Package caption Info: End \AtBeginDocument code.
Package hyperref Info: Link coloring ON on input line 232.
(load cache: extra_lmsans10-regular.luc)(load cache: extra_lmsans10-bold.luc)
LaTeX Font Info:    Font shape `JT3/HaranoAjiMincho-Regular.otf(0)/b/n' will be
(Font)              scaled to size 10.53629pt on input line 234.
LaTeX Font Info:    Font shape `JY3/HaranoAjiMincho-Regular.otf(0)/b/n' will be
(Font)              scaled to size 10.53629pt on input line 234.
LaTeX Font Info:    Font shape `JT3/HaranoAjiMincho-Regular.otf(0)/b/n' will be
(Font)              scaled to size 19.95642pt on input line 234.
LaTeX Font Info:    Font shape `JY3/HaranoAjiMincho-Regular.otf(0)/b/n' will be
(Font)              scaled to size 19.95642pt on input line 234.
LaTeX Font Info:    Font shape `TU/TeXGyreTermes(0)/m/n' will be
(Font)              scaled to size 14.4pt on input line 234.
LaTeX Font Info:    Font shape `JT3/HaranoAjiMincho-Regular.otf(0)/m/n' will be
(Font)              scaled to size 13.85594pt on input line 234.
LaTeX Font Info:    Font shape `JY3/HaranoAjiMincho-Regular.otf(0)/m/n' will be
(Font)              scaled to size 13.85594pt on input line 234.
LaTeX Font Info:    Font shape `TU/latinmodern-math.otf(1)/m/n' will be
(Font)              scaled to size 15.03477pt on input line 234.
LaTeX Font Info:    Font shape `TU/latinmodern-math.otf(1)/m/n' will be
(Font)              scaled to size 10.44083pt on input line 234.
LaTeX Font Info:    Font shape `TU/latinmodern-math.otf(1)/m/n' will be
(Font)              scaled to size 7.30858pt on input line 234.
LaTeX Font Info:    Font shape `TU/latinmodern-math.otf(2)/m/n' will be
(Font)              scaled to size 15.03477pt on input line 234.
LaTeX Font Info:    Font shape `TU/latinmodern-math.otf(2)/m/n' will be
(Font)              scaled to size 10.44083pt on input line 234.
LaTeX Font Info:    Font shape `TU/latinmodern-math.otf(2)/m/n' will be
(Font)              scaled to size 7.30858pt on input line 234.
LaTeX Font Info:    Font shape `TU/latinmodern-math.otf(3)/m/n' will be
(Font)              scaled to size 15.03477pt on input line 234.
LaTeX Font Info:    Font shape `TU/latinmodern-math.otf(3)/m/n' will be
(Font)              scaled to size 10.44083pt on input line 234.
LaTeX Font Info:    Font shape `TU/latinmodern-math.otf(3)/m/n' will be
(Font)              scaled to size 7.30858pt on input line 234.
LaTeX Font Info:    Font shape `JY3/HaranoAjiMincho-Regular.otf(0)/m/n' will be
(Font)              scaled to size 6.73553pt on input line 234.
[1


{/cloud/home/r311224/.TinyTeX/texmf-var/fonts/map/pdftex/updmap/pdftex.map}]
LaTeX Font Info:    Font shape `TU/TeXGyreTermes(0)/m/n' will be
(Font)              scaled to size 12.0pt on input line 239.
LaTeX Font Info:    Font shape `JT3/HaranoAjiMincho-Regular.otf(0)/m/n' will be
(Font)              scaled to size 11.54663pt on input line 239.
LaTeX Font Info:    Font shape `JY3/HaranoAjiMincho-Regular.otf(0)/m/n' will be
(Font)              scaled to size 11.54663pt on input line 239.
LaTeX Font Info:    Font shape `TU/TeXGyreTermes(0)/b/n' will be
(Font)              scaled to size 12.0pt on input line 239.
LaTeX Font Info:    Font shape `JT3/HaranoAjiMincho-Regular.otf(0)/b/n' will be
(Font)              scaled to size 11.54663pt on input line 239.
LaTeX Font Info:    Font shape `JY3/HaranoAjiMincho-Regular.otf(0)/b/n' will be
(Font)              scaled to size 11.54663pt on input line 239.
LaTeX Font Info:    Font shape `TU/TeXGyreTermes(0)/m/n' will be
(Font)              scaled to size 7.665pt on input line 241.
LaTeX Font Info:    Font shape `JT3/HaranoAjiMincho-Regular.otf(0)/m/n' will be
(Font)              scaled to size 7.3754pt on input line 241.
LaTeX Font Info:    Font shape `TU/TeXGyreTermes(0)/b/n' will be
(Font)              scaled to size 10.95pt on input line 249.

LaTeX Warning: Reference `fig-greenhouse' on page 2 undefined on input line 249.

<../figs/greenhouse20251117.pdf, id=12, 598.235pt x 845.1575pt>
File: ../figs/greenhouse20251117.pdf Graphic file (type pdf)
<use ../figs/greenhouse20251117.pdf>
Package luatex.def Info: ../figs/greenhouse20251117.pdf  used on input line 263.
(luatex.def)             Requested size: 598.23354pt x 845.15544pt.
[2]
Overfull \vbox (23.61436pt too high) has occurred while \output is active []

[3<../figs/greenhouse20251117.pdf>]

LaTeX Warning: Reference `tbl-spec' on page 4 undefined on input line 278.

LaTeX Font Info:    Font shape `TU/latinmodern-math.otf(1)/m/n' will be
(Font)              scaled to size 12.52899pt on input line 290.
LaTeX Font Info:    Font shape `TU/latinmodern-math.otf(1)/m/n' will be
(Font)              scaled to size 8.35266pt on input line 290.
LaTeX Font Info:    Font shape `TU/latinmodern-math.otf(1)/m/n' will be
(Font)              scaled to size 6.2645pt on input line 290.
LaTeX Font Info:    Font shape `TU/latinmodern-math.otf(2)/m/n' will be
(Font)              scaled to size 12.52899pt on input line 290.
LaTeX Font Info:    Font shape `TU/latinmodern-math.otf(2)/m/n' will be
(Font)              scaled to size 8.35266pt on input line 290.
LaTeX Font Info:    Font shape `TU/latinmodern-math.otf(2)/m/n' will be
(Font)              scaled to size 6.2645pt on input line 290.
LaTeX Font Info:    Font shape `TU/latinmodern-math.otf(3)/m/n' will be
(Font)              scaled to size 12.52899pt on input line 290.
LaTeX Font Info:    Font shape `TU/latinmodern-math.otf(3)/m/n' will be
(Font)              scaled to size 8.35266pt on input line 290.
LaTeX Font Info:    Font shape `TU/latinmodern-math.otf(3)/m/n' will be
(Font)              scaled to size 6.2645pt on input line 290.
LaTeX Font Info:    Font shape `JY3/HaranoAjiMincho-Regular.otf(0)/m/n' will be
(Font)              scaled to size 7.69775pt on input line 290.
LaTeX Font Info:    Font shape `JY3/HaranoAjiMincho-Regular.otf(0)/m/n' will be
(Font)              scaled to size 5.77332pt on input line 290.

LaTeX Warning: Reference `tbl-sensorID1' on page 4 undefined on input line 308.


LaTeX Warning: Reference `tbl-sensorID2' on page 4 undefined on input line 308.

[4] [5


] [6]

! LaTeX Error: Not allowed in LR mode.

See the LaTeX manual or LaTeX Companion for explanation.
Type  H <return>  for immediate help.
 ...                                              
                                                  
l.427 \end
        {itemize} & \begin{itemize}

Here is how much of LuaTeX's memory you used:
 26829 strings out of 476081
 195319,1373583 words of node,token memory allocated
 79634 words of node memory still in use:
   106 hlist, 8 vlist, 447 rule, 37 disc, 9 local_par, 7 dir, 2 math, 774 glue, 125 kern, 56 penalty, 44 unset, 704 glyph, 5 align_record, 28330 attribute, 103 glue_spec, 2285 attribute_list, 12 temp, 1 align_stack, 5 if_stack, 1 shape, 8 write, 126 user_defined, 3 pdf_dest, 21 pdf_colorstack nodes
   avail lists: 1:35,2:21911,3:223,4:415,6:4,7:3083,8:2,9:1396,10:40
 48742 multiletter control sequences out of 65536+600000
 127 fonts using 110563647 bytes
 108i,13n,122p,11252b,694s stack positions out of 10000i,1000n,20000p,200000b,200000s
!  ==> Fatal error occurred, no output PDF file produced!
